minutes,goals_scored,assists,clean_sheets,goals_conceded,own_goals,penalties_saved,penalties_missed,yellow_cards,red_cards,saves,bonus,bps,influence,creativity,threat,ict_index,starts,expected_goals,expected_assists,expected_goal_involvements,expected_goals_conceded,total_points,in_dreamteam,id,gw
0,0,0,0,0,0,0,0,0,0,0,0,0,0.0,0.0,0.0,0.0,0,0.0,0.0,0.0,0.0,0,False,1,1
5,0,0,0,0,0,0,0,1,0,0,0,1,0.2,0.8,0.0,0.1,0,0.0,0.0,0.0,0.15,0,False,2,1
90,0,0,1,0,0,0,0,0,0,0,0,22,13.8,1.4,8.0,2.3,1,0.12,0.02,0.14,0.47,6,False,3,1
90,1,1,1,0,0,0,0,0,0,0,3,48,54.8,24.1,46.0,12.5,1,0.45,0.04,0.49,0.47,12,True,4,1
0,0,0,0,0,0,0,0,0,0,0,0,0,0.0,0.0,0.0,0.0,0,0.0,0.0,0.0,0.0,0,False,5,1
21,0,0,0,0,0,0,0,0,0,0,0,2,0.0,0.8,8.0,0.8,0,0.02,0.01,0.03,0.15,1,False,6,1
0,0,0,0,0,0,0,0,0,0,0,0,0,0.0,0.0,0.0,0.0,0,0.0,0.0,0.0,0.0,0,False,7,1
0,0,0,0,0,0,0,0,0,0,0,0,0,0.0,0.0,0.0,0.0,0,0.0,0.0,0.0,0.0,0,False,8,1
90,0,0,1,0,0,0,0,0,0,0,0,16,13.6,36.7,25.0,7.5,1,0.08,0.19,0.27,0.47,3,False,9,1
0,0,0,0,0,0,0,0,0,0,0,0,0,0.0,0.0,0.0,0.0,0,0.0,0.0,0.0,0.0,0,False,10,1
0,0,0,0,0,0,0,0,0,0,0,0,0,0.0,0.0,0.0,0.0,0,0.0,0.0,0.0,0.0,0,False,11,1
0,0,0,0,0,0,0,0,0,0,0,0,0,0.0,0.0,0.0,0.0,0,0.0,0.0,0.0,0.0,0,False,12,1
90,0,0,1,0,0,0,0,0,0,0,0,16,15.0,24.0,15.0,5.4,1,0.02,0.06,0.08,0.47,3,False,13,1
0,0,0,0,0,0,0,0,0,0,0,0,0,0.0,0.0,0.0,0.0,0,0.0,0.0,0.0,0.0,0,False,14,1
90,0,0,1,0,0,0,0,0,0,3,1,28,28.0,0.0,0.0,2.8,1,0.0,0.0,0.0,0.47,8,False,15,1
84,0,0,1,0,0,0,0,0,0,0,0,9,6.6,13.4,8.0,2.8,1,0.09,0.05,0.14,0.32,3,False,16,1
79,1,1,1,0,0,0,0,1,0,0,2,42,64.2,61.7,78.0,20.4,1,0.35,0.37,0.72,0.32,12,True,17,1
90,0,0,1,0,0,0,0,0,0,0,0,26,14.8,0.9,0.0,1.6,1,0.0,0.0,0.0,0.47,6,False,18,1
63,0,0,1,0,0,0,0,0,0,0,0,11,4.0,3.8,0.0,0.8,1,0.0,0.0,0.0,1.5,3,False,19,1
90,0,0,1,0,0,0,0,0,0,0,0,16,14.4,43.6,1.0,5.9,1,0.06,0.06,0.12,0.47,3,False,20,1
0,0,0,0,0,0,0,0,0,0,0,0,0,0.0,0.0,0.0,0.0,0,0.0,0.0,0.0,0.0,0,False,21,1
0,0,0,0,0,0,0,0,0,0,0,0,0,0.0,0.0,0.0,0.0,0,0.0,0.0,0.0,0.0,0,False,22,1
10,0,0,0,0,0,0,0,0,0,0,0,2,4.2,0.3,0.0,0.5,0,0.0,0.0,0.0,0.15,1,False,23,1
90,0,0,1,0,0,0,0,0,0,0,0,22,5.8,1.3,8.0,1.5,1,0.07,0.06,0.13,0.47,6,False,24,1
68,0,0,1,0,0,0,0,0,0,0,0,22,7.2,4.9,6.0,1.8,1,0.0,0.04,0.04,0.32,6,False,25,1
0,0,0,0,0,0,0,0,0,0,0,0,0,0.0,0.0,0.0,0.0,0,0.0,0.0,0.0,0.0,0,False,26,1
73,0,0,0,1,0,0,0,1,0,0,0,1,0.0,30.5,13.0,4.2,1,0.21,0.21,0.42,1.39,1,False,28,1
0,0,0,0,0,0,0,0,0,0,0,0,0,0.0,0.0,0.0,0.0,0,0.0,0.0,0.0,0.0,0,False,29,1
0,0,0,0,0,0,0,0,0,0,0,0,0,0.0,0.0,0.0,0.0,0,0.0,0.0,0.0,0.0,0,False,30,1
0,0,0,0,0,0,0,0,0,0,0,0,0,0.0,0.0,0.0,0.0,0,0.0,0.0,0.0,0.0,0,False,31,1
81,0,0,0,1,0,0,0,0,0,0,0,7,9.0,12.4,2.0,2.3,1,0.0,0.01,0.01,1.41,2,False,32,1
0,0,0,0,0,0,0,0,0,0,0,0,0,0.0,0.0,0.0,0.0,0,0.0,0.0,0.0,0.0,0,False,33,1
0,0,0,0,0,0,0,0,0,0,0,0,0,0.0,0.0,0.0,0.0,0,0.0,0.0,0.0,0.0,0,False,34,1
0,0,0,0,0,0,0,0,0,0,0,0,0,0.0,0.0,0.0,0.0,0,0.0,0.0,0.0,0.0,0,False,35,1
73,0,0,0,1,0,0,0,0,0,0,0,14,14.4,19.2,0.0,3.4,1,0.0,0.13,0.13,1.39,2,False,36,1
0,0,0,0,0,0,0,0,0,0,0,0,0,0.0,0.0,0.0,0.0,0,0.0,0.0,0.0,0.0,0,False,37,1
28,1,0,0,0,0,0,0,0,0,0,1,30,34.4,2.1,23.0,6.0,0,0.38,0.0,0.38,1.17,6,False,38,1
0,0,0,0,0,0,0,0,0,0,0,0,0,0.0,0.0,0.0,0.0,0,0.0,0.0,0.0,0.0,0,False,39,1
0,0,0,0,0,0,0,0,0,0,0,0,0,0.0,0.0,0.0,0.0,0,0.0,0.0,0.0,0.0,0,False,40,1
0,0,0,0,0,0,0,0,0,0,0,0,0,0.0,0.0,0.0,0.0,0,0.0,0.0,0.0,0.0,0,False,41,1
0,0,0,0,0,0,0,0,0,0,0,0,0,0.0,0.0,0.0,0.0,0,0.0,0.0,0.0,0.0,0,False,42,1
0,0,0,0,0,0,0,0,0,0,0,0,0,0.0,0.0,0.0,0.0,0,0.0,0.0,0.0,0.0,0,False,43,1
90,0,0,0,1,0,0,0,0,0,0,0,10,13.4,14.1,7.0,3.5,1,0.07,0.01,0.08,2.46,2,False,44,1
16,0,0,0,0,0,0,0,0,0,0,0,5,8.8,10.5,0.0,1.9,0,0.0,0.04,0.04,1.06,1,False,45,1
0,0,0,0,0,0,0,0,0,0,0,0,0,0.0,0.0,0.0,0.0,0,0.0,0.0,0.0,0.0,0,False,46,1
90,0,0,0,1,0,0,0,0,0,3,0,11,25.8,0.0,0.0,2.6,1,0.0,0.0,0.0,2.46,3,False,47,1
61,0,0,0,1,0,0,0,0,0,0,0,6,1.6,2.6,15.0,1.9,1,0.3,0.01,0.31,1.28,2,False,48,1
0,0,0,0,0,0,0,0,0,0,0,0,0,0.0,0.0,0.0,0.0,0,0.0,0.0,0.0,0.0,0,False,49,1
8,0,0,0,0,0,0,0,0,0,0,0,6,4.2,0.3,0.0,0.5,0,0.0,0.0,0.0,1.04,1,False,50,1
0,0,0,0,0,0,0,0,0,0,0,0,0,0.0,0.0,0.0,0.0,0,0.0,0.0,0.0,0.0,0,False,51,1
90,0,0,0,1,0,0,0,0,0,0,0,17,29.2,1.9,0.0,3.1,1,0.0,0.01,0.01,2.46,2,False,52,1
28,0,1,0,0,0,0,0,0,0,0,0,18,18.4,12.3,7.0,3.8,0,0.06,0.13,0.19,1.17,4,False,53,1
90,0,0,0,1,0,0,0,0,0,0,0,14,17.8,23.3,16.0,5.7,1,0.21,0.08,0.29,2.46,2,False,54,1
0,0,0,0,0,0,0,0,0,0,0,0,0,0.0,0.0,0.0,0.0,0,0.0,0.0,0.0,0.0,0,False,55,1
0,0,0,0,0,0,0,0,0,0,0,0,0,0.0,0.0,0.0,0.0,0,0.0,0.0,0.0,0.0,0,False,56,1
90,0,1,0,1,0,0,0,0,0,0,2,33,32.4,42.5,4.0,7.9,1,0.18,0.24,0.42,2.46,7,False,57,1
61,0,0,0,1,0,0,0,0,0,0,0,3,0.0,0.2,4.0,0.3,1,0.0,0.0,0.0,1.28,2,False,58,1
0,0,0,0,0,0,0,0,0,0,0,0,0,0.0,0.0,0.0,0.0,0,0.0,0.0,0.0,0.0,0,False,59,1
0,0,0,0,0,0,0,0,0,0,0,0,0,0.0,0.0,0.0,0.0,0,0.0,0.0,0.0,0.0,0,False,60,1
0,0,0,0,0,0,0,0,0,0,0,0,0,0.0,0.0,0.0,0.0,0,0.0,0.0,0.0,0.0,0,False,61,1
0,0,0,0,0,0,0,0,0,0,0,0,0,0.0,0.0,0.0,0.0,0,0.0,0.0,0.0,0.0,0,False,62,1
27,0,0,0,0,0,0,0,0,0,0,0,5,3.6,1.1,2.0,0.7,0,0.0,0.01,0.01,0.28,1,False,63,1
83,0,0,0,1,0,0,0,1,0,0,0,12,10.8,16.0,0.0,2.7,1,0.0,0.21,0.21,1.04,1,False,64,1
0,0,0,0,0,0,0,0,0,0,0,0,0,0.0,0.0,0.0,0.0,0,0.0,0.0,0.0,0.0,0,False,65,1
0,0,0,0,0,0,0,0,0,0,0,0,0,0.0,0.0,0.0,0.0,0,0.0,0.0,0.0,0.0,0,False,66,1
0,0,0,0,0,0,0,0,0,0,0,0,0,0.0,0.0,0.0,0.0,0,0.0,0.0,0.0,0.0,0,False,67,1
0,0,0,0,0,0,0,0,0,0,0,0,0,0.0,0.0,0.0,0.0,0,0.0,0.0,0.0,0.0,0,False,68,1
21,0,0,0,0,0,0,0,0,0,0,0,4,3.2,10.6,2.0,1.6,0,0.0,0.0,0.0,0.28,1,False,69,1
90,0,0,0,1,0,0,0,1,0,0,0,5,12.0,12.7,2.0,2.7,1,0.0,0.01,0.01,1.3,1,False,70,1
26,0,0,0,0,0,0,0,1,0,0,0,0,1.8,6.7,6.0,1.5,0,0.0,0.02,0.02,0.28,0,False,71,1
0,0,0,0,0,0,0,0,0,0,0,0,0,0.0,0.0,0.0,0.0,0,0.0,0.0,0.0,0.0,0,False,72,1
90,0,0,0,1,0,0,0,0,0,7,0,17,47.0,0.0,0.0,4.7,1,0.0,0.0,0.0,1.3,4,False,73,1
68,0,0,0,1,0,0,0,0,0,0,0,8,8.2,3.0,11.0,2.2,1,0.22,0.01,0.23,1.02,2,False,74,1
0,0,0,0,0,0,0,0,0,0,0,0,0,0.0,0.0,0.0,0.0,0,0.0,0.0,0.0,0.0,0,False,75,1
6,0,0,0,0,0,0,0,0,0,0,0,1,2.0,0.0,2.0,0.4,0,0.0,0.0,0.0,0.26,1,False,76,1
62,0,0,0,1,0,0,0,0,0,0,0,11,22.8,12.8,0.0,3.6,1,0.0,0.01,0.01,1.02,2,False,77,1
90,1,0,0,1,0,0,0,0,0,0,1,25,39.0,6.7,53.0,9.9,1,0.44,0.04,0.48,1.3,8,False,78,1
0,0,0,0,0,0,0,0,0,0,0,0,0,0.0,0.0,0.0,0.0,0,0.0,0.0,0.0,0.0,0,False,79,1
63,0,0,0,1,0,0,0,0,0,0,0,7,7.0,1.8,23.0,3.2,1,0.15,0.02,0.17,1.02,2,False,80,1
62,0,0,0,1,0,0,0,0,0,0,0,8,7.8,4.5,0.0,1.2,1,0.0,0.01,0.01,1.02,2,False,81,1
90,0,0,0,1,0,0,0,0,0,0,0,17,19.0,15.3,61.0,9.5,1,0.34,0.15,0.49,1.02,2,False,82,1
90,0,0,0,1,0,0,0,0,0,0,0,14,10.2,41.4,27.0,7.9,1,0.42,0.12,0.54,1.3,2,False,83,1
0,0,0,0,0,0,0,0,0,0,0,0,0,0.0,0.0,0.0,0.0,0,0.0,0.0,0.0,0.0,0,False,84,1
90,0,0,0,1,0,0,0,0,0,0,0,9,15.6,1.1,0.0,1.7,1,0.0,0.02,0.02,1.3,2,False,85,1
90,0,0,0,1,0,0,0,0,0,0,0,4,7.8,1.3,33.0,4.2,1,0.28,0.0,0.28,1.17,2,False,86,1
0,0,0,0,0,0,0,0,0,0,0,0,0,0.0,0.0,0.0,0.0,0,0.0,0.0,0.0,0.0,0,False,87,1
90,0,1,0,1,0,0,0,0,0,0,1,23,39.4,0.5,17.0,5.7,1,0.22,0.0,0.22,1.17,6,False,88,1
16,0,0,0,0,0,0,0,0,0,0,0,3,1.8,1.3,0.0,0.3,0,0.0,0.0,0.0,0.67,1,False,89,1
0,0,0,0,0,0,0,0,0,0,0,0,0,0.0,0.0,0.0,0.0,0,0.0,0.0,0.0,0.0,0,False,90,1
90,0,0,0,1,0,0,0,0,0,6,0,22,46.4,0.0,0.0,4.6,1,0.0,0.0,0.0,1.17,4,False,91,1
0,0,0,0,0,0,0,0,0,0,0,0,0,0.0,0.0,0.0,0.0,0,0.0,0.0,0.0,0.0,0,False,92,1
0,0,0,0,0,0,0,0,0,0,0,0,0,0.0,0.0,0.0,0.0,0,0.0,0.0,0.0,0.0,0,False,93,1
73,0,0,0,1,0,0,0,0,0,0,0,10,11.2,15.1,5.0,3.1,1,0.07,0.03,0.1,0.5,2,False,94,1
83,0,0,0,1,0,0,0,0,0,0,0,11,11.2,17.9,0.0,2.9,1,0.0,0.03,0.03,0.61,2,False,95,1
0,0,0,0,0,0,0,0,0,0,0,0,0,0.0,0.0,0.0,0.0,0,0.0,0.0,0.0,0.0,0,False,96,1
0,0,0,0,0,0,0,0,0,0,0,0,0,0.0,0.0,0.0,0.0,0,0.0,0.0,0.0,0.0,0,False,97,1
16,0,0,0,0,0,0,0,0,0,0,0,4,2.0,0.5,0.0,0.3,0,0.0,0.0,0.0,0.67,1,False,98,1
89,1,0,0,1,0,0,0,0,0,0,2,35,40.8,50.2,17.0,10.8,1,0.09,0.45,0.54,1.17,9,False,99,1
1,0,0,0,0,0,0,0,0,0,0,0,3,0.0,0.1,0.0,0.0,0,0.0,0.0,0.0,0.0,1,False,100,1
90,0,0,0,1,0,0,0,0,0,0,0,15,17.8,12.3,0.0,3.0,1,0.0,0.01,0.01,1.17,2,False,101,1
6,0,0,0,0,0,0,0,0,0,0,0,2,0.0,0.0,0.0,0.0,0,0.0,0.0,0.0,0.56,1,False,102,1
0,0,0,0,0,0,0,0,0,0,0,0,0,0.0,0.0,0.0,0.0,0,0.0,0.0,0.0,0.0,0,False,103,1
90,0,0,0,1,1,0,0,0,0,0,0,3,18.8,0.1,17.0,3.6,1,0.01,0.0,0.01,1.17,0,False,104,1
90,0,0,0,1,0,0,0,0,0,0,0,4,7.6,1.2,0.0,0.9,1,0.0,0.0,0.0,1.17,2,False,105,1
73,0,0,0,1,0,0,0,0,0,0,0,-2,6.8,0.9,8.0,1.6,1,0.13,0.01,0.14,0.5,2,False,106,1
0,0,0,0,0,0,0,0,0,0,0,0,0,0.0,0.0,0.0,0.0,0,0.0,0.0,0.0,0.0,0,False,107,1
0,0,0,0,0,0,0,0,0,0,0,0,0,0.0,0.0,0.0,0.0,0,0.0,0.0,0.0,0.0,0,False,108,1
0,0,0,0,0,0,0,0,0,0,0,0,0,0.0,0.0,0.0,0.0,0,0.0,0.0,0.0,0.0,0,False,109,1
83,1,1,0,1,0,0,0,1,0,0,3,47,50.2,14.2,44.0,10.8,1,1.0,0.01,1.01,0.61,11,True,110,1
0,0,0,0,0,0,0,0,0,0,0,0,0,0.0,0.0,0.0,0.0,0,0.0,0.0,0.0,0.0,0,False,111,1
0,0,0,0,0,0,0,0,0,0,0,0,0,0.0,0.0,0.0,0.0,0,0.0,0.0,0.0,0.0,0,False,112,1
45,1,0,0,0,0,0,0,0,0,0,0,24,39.6,6.5,26.0,7.2,0,0.17,0.05,0.22,0.21,6,False,113,1
0,0,0,0,0,0,0,0,0,0,0,0,0,0.0,0.0,0.0,0.0,0,0.0,0.0,0.0,0.0,0,False,114,1
0,0,0,0,0,0,0,0,0,0,0,0,0,0.0,0.0,0.0,0.0,0,0.0,0.0,0.0,0.0,0,False,115,1
0,0,0,0,0,0,0,0,0,0,0,0,0,0.0,0.0,0.0,0.0,0,0.0,0.0,0.0,0.0,0,False,116,1
78,0,0,0,1,0,0,0,0,0,0,0,13,11.4,19.9,0.0,3.1,1,0.0,0.19,0.19,0.98,2,False,117,1
0,0,0,0,0,0,0,0,0,0,0,0,0,0.0,0.0,0.0,0.0,0,0.0,0.0,0.0,0.0,0,False,118,1
0,0,0,0,0,0,0,0,0,0,0,0,0,0.0,0.0,0.0,0.0,0,0.0,0.0,0.0,0.0,0,False,119,1
75,0,0,1,0,0,0,0,0,0,0,0,23,7.0,0.3,6.0,1.3,1,0.07,0.0,0.07,0.45,6,False,120,1
0,0,0,0,0,0,0,0,0,0,0,0,0,0.0,0.0,0.0,0.0,0,0.0,0.0,0.0,0.0,0,False,121,1
0,0,0,0,0,0,0,0,0,0,0,0,0,0.0,0.0,0.0,0.0,0,0.0,0.0,0.0,0.0,0,False,122,1
0,0,0,0,0,0,0,0,0,0,0,0,0,0.0,0.0,0.0,0.0,0,0.0,0.0,0.0,0.0,0,False,123,1
8,0,0,0,0,0,0,0,0,0,0,0,4,0.4,7.6,0.0,0.8,0,0.0,0.0,0.0,0.0,1,False,124,1
0,0,0,0,0,0,0,0,0,0,0,0,0,0.0,0.0,0.0,0.0,0,0.0,0.0,0.0,0.0,0,False,125,1
90,0,0,1,0,0,0,0,0,0,0,0,14,11.8,6.1,2.0,2.0,1,0.0,0.01,0.01,0.45,3,False,126,1
0,0,0,0,0,0,0,0,0,0,0,0,0,0.0,0.0,0.0,0.0,0,0.0,0.0,0.0,0.0,0,False,127,1
0,0,0,0,0,0,0,0,0,0,0,0,0,0.0,0.0,0.0,0.0,0,0.0,0.0,0.0,0.0,0,False,128,1
81,0,0,1,0,0,0,0,0,0,0,0,9,5.0,10.8,7.0,2.3,1,0.03,0.02,0.05,0.45,2,False,129,1
0,0,0,0,0,0,0,0,0,0,0,0,0,0.0,0.0,0.0,0.0,0,0.0,0.0,0.0,0.0,0,False,130,1
0,0,0,0,0,0,0,0,0,0,0,0,0,0.0,0.0,0.0,0.0,0,0.0,0.0,0.0,0.0,0,False,131,1
0,0,0,0,0,0,0,0,0,0,0,0,0,0.0,0.0,0.0,0.0,0,0.0,0.0,0.0,0.0,0,False,132,1
0,0,0,0,0,0,0,0,0,0,0,0,0,0.0,0.0,0.0,0.0,0,0.0,0.0,0.0,0.0,0,False,133,1
81,0,0,1,0,0,0,0,1,0,0,0,10,22.4,43.8,4.0,7.0,1,0.0,0.11,0.11,0.45,2,False,134,1
45,0,1,0,0,0,0,0,0,0,0,0,18,25.0,31.4,8.0,6.4,1,0.0,0.65,0.65,0.25,4,False,135,1
88,1,0,1,0,0,0,0,0,0,0,0,27,48.2,4.1,80.0,13.2,1,0.97,0.04,1.01,0.45,8,False,136,1
0,0,0,0,0,0,0,0,0,0,0,0,0,0.0,0.0,0.0,0.0,0,0.0,0.0,0.0,0.0,0,False,137,1
0,0,0,0,0,0,0,0,0,0,0,0,0,0.0,0.0,0.0,0.0,0,0.0,0.0,0.0,0.0,0,False,138,1
0,0,0,0,0,0,0,0,0,0,0,0,0,0.0,0.0,0.0,0.0,0,0.0,0.0,0.0,0.0,0,False,139,1
0,0,0,0,0,0,0,0,0,0,0,0,0,0.0,0.0,0.0,0.0,0,0.0,0.0,0.0,0.0,0,False,140,1
8,0,0,0,0,0,0,0,0,0,0,0,3,0.2,0.8,0.0,0.1,0,0.0,0.0,0.0,0.0,1,False,141,1
90,0,0,1,0,0,0,0,0,0,1,1,31,18.6,0.0,0.0,1.9,1,0.0,0.0,0.0,0.45,7,False,142,1
0,0,0,0,0,0,0,0,0,0,0,0,0,0.0,0.0,0.0,0.0,0,0.0,0.0,0.0,0.0,0,False,143,1
90,0,0,1,0,0,0,0,0,0,0,0,28,18.8,0.5,0.0,1.9,1,0.0,0.0,0.0,0.45,6,False,144,1
90,0,0,1,0,0,0,0,0,0,0,2,34,20.6,1.3,0.0,2.2,1,0.0,0.0,0.0,0.45,8,True,145,1
0,0,0,0,0,0,0,0,0,0,0,0,0,0.0,0.0,0.0,0.0,0,0.0,0.0,0.0,0.0,0,False,146,1
14,0,0,0,0,0,0,0,0,0,0,0,9,5.6,0.7,2.0,0.8,0,0.0,0.02,0.02,0.0,1,False,147,1
90,1,1,1,0,0,0,0,0,0,0,3,41,61.4,24.8,25.0,11.1,1,0.2,0.04,0.24,0.45,12,True,148,1
90,0,1,1,0,0,0,0,0,0,0,0,20,31.0,16.3,0.0,4.7,1,0.0,0.02,0.02,0.45,6,False,149,1
0,0,0,0,0,0,0,0,0,0,0,0,0,0.0,0.0,0.0,0.0,0,0.0,0.0,0.0,0.0,0,False,150,1
0,0,0,0,0,0,0,0,0,0,0,0,0,0.0,0.0,0.0,0.0,0,0.0,0.0,0.0,0.0,0,False,151,1
0,0,0,0,0,0,0,0,0,0,0,0,0,0.0,0.0,0.0,0.0,0,0.0,0.0,0.0,0.0,0,False,152,1
0,0,0,0,0,0,0,0,0,0,0,0,0,0.0,0.0,0.0,0.0,0,0.0,0.0,0.0,0.0,0,False,153,1
0,0,0,0,0,0,0,0,0,0,0,0,0,0.0,0.0,0.0,0.0,0,0.0,0.0,0.0,0.0,0,False,154,1
0,0,0,0,0,0,0,0,0,0,0,0,0,0.0,0.0,0.0,0.0,0,0.0,0.0,0.0,0.0,0,False,155,1
0,0,0,0,0,0,0,0,0,0,0,0,0,0.0,0.0,0.0,0.0,0,0.0,0.0,0.0,0.0,0,False,156,1
90,0,0,0,2,0,0,0,1,0,0,0,12,11.6,28.3,2.0,4.2,1,0.03,0.06,0.09,0.77,1,False,157,1
0,0,0,0,0,0,0,0,0,0,0,0,0,0.0,0.0,0.0,0.0,0,0.0,0.0,0.0,0.0,0,False,158,1
0,0,0,0,0,0,0,0,0,0,0,0,0,0.0,0.0,0.0,0.0,0,0.0,0.0,0.0,0.0,0,False,159,1
0,0,0,0,0,0,0,0,0,0,0,0,0,0.0,0.0,0.0,0.0,0,0.0,0.0,0.0,0.0,0,False,160,1
0,0,0,0,0,0,0,0,0,0,0,0,0,0.0,0.0,0.0,0.0,0,0.0,0.0,0.0,0.0,0,False,161,1
90,0,0,0,2,0,0,0,0,0,0,0,8,20.4,0.8,0.0,2.1,1,0.0,0.01,0.01,0.77,1,False,162,1
79,0,0,0,1,0,0,0,0,0,0,0,16,18.0,4.0,2.0,2.4,1,0.0,0.02,0.02,0.69,2,False,163,1
0,0,0,0,0,0,0,0,0,0,0,0,0,0.0,0.0,0.0,0.0,0,0.0,0.0,0.0,0.0,0,False,164,1
0,0,0,0,0,0,0,0,0,0,0,0,0,0.0,0.0,0.0,0.0,0,0.0,0.0,0.0,0.0,0,False,165,1
24,0,0,0,1,0,0,0,0,0,0,0,4,2.0,1.6,0.0,0.4,0,0.0,0.01,0.01,0.11,1,False,166,1
0,0,0,0,0,0,0,0,0,0,0,0,0,0.0,0.0,0.0,0.0,0,0.0,0.0,0.0,0.0,0,False,167,1
90,0,0,0,2,0,0,0,0,0,0,0,16,9.6,10.0,26.0,4.6,1,0.22,0.08,0.3,0.77,2,False,168,1
0,0,0,0,0,0,0,0,0,0,0,0,0,0.0,0.0,0.0,0.0,0,0.0,0.0,0.0,0.0,0,False,169,1
0,0,0,0,0,0,0,0,0,0,0,0,0,0.0,0.0,0.0,0.0,0,0.0,0.0,0.0,0.0,0,False,170,1
90,0,0,0,2,0,0,0,0,0,0,0,0,7.0,2.8,6.0,1.6,1,0.0,0.07,0.07,0.77,1,False,171,1
0,0,0,0,0,0,0,0,0,0,0,0,0,0.0,0.0,0.0,0.0,0,0.0,0.0,0.0,0.0,0,False,172,1
0,0,0,0,0,0,0,0,0,0,0,0,0,0.0,0.0,0.0,0.0,0,0.0,0.0,0.0,0.0,0,False,173,1
65,0,0,0,1,0,0,0,0,0,0,0,18,15.2,13.5,0.0,2.9,1,0.0,0.18,0.18,0.66,2,False,174,1
0,0,0,0,0,0,0,0,0,0,0,0,0,0.0,0.0,0.0,0.0,0,0.0,0.0,0.0,0.0,0,False,175,1
0,0,0,0,0,0,0,0,0,0,0,0,0,0.0,0.0,0.0,0.0,0,0.0,0.0,0.0,0.0,0,False,176,1
0,0,0,0,0,0,0,0,0,0,0,0,0,0.0,0.0,0.0,0.0,0,0.0,0.0,0.0,0.0,0,False,177,1
24,0,0,0,1,0,0,0,0,0,0,0,2,0.0,0.3,0.0,0.0,0,0.0,0.0,0.0,0.11,1,False,178,1
0,0,0,0,0,0,0,0,0,0,0,0,0,0.0,0.0,0.0,0.0,0,0.0,0.0,0.0,0.0,0,False,179,1
65,0,0,0,1,0,0,0,0,0,0,0,3,4.6,23.6,23.0,5.1,1,0.47,0.06,0.53,0.66,2,False,180,1
57,0,0,0,1,0,0,0,0,0,0,0,6,7.8,13.5,13.0,3.4,1,0.15,0.06,0.21,0.66,1,False,181,1
90,0,0,0,2,0,0,0,0,0,0,0,18,20.4,37.8,10.0,6.8,1,0.07,0.19,0.26,0.77,2,False,182,1
0,0,0,0,0,0,0,0,0,0,0,0,0,0.0,0.0,0.0,0.0,0,0.0,0.0,0.0,0.0,0,False,183,1
10,0,0,0,1,0,0,0,0,0,0,0,2,0.0,0.5,0.0,0.0,0,0.0,0.0,0.0,0.08,1,False,184,1
90,0,0,0,2,0,0,0,0,0,3,0,7,23.4,0.0,0.0,2.3,1,0.0,0.0,0.0,0.77,2,False,185,1
0,0,0,0,0,0,0,0,0,0,0,0,0,0.0,0.0,0.0,0.0,0,0.0,0.0,0.0,0.0,0,False,186,1
0,0,0,0,0,0,0,0,0,0,0,0,0,0.0,0.0,0.0,0.0,0,0.0,0.0,0.0,0.0,0,False,187,1
0,0,0,0,0,0,0,0,0,0,0,0,0,0.0,0.0,0.0,0.0,0,0.0,0.0,0.0,0.0,0,False,188,1
90,0,0,0,2,0,0,0,0,0,0,0,3,11.6,1.3,6.0,1.9,1,0.04,0.01,0.05,0.77,1,False,189,1
0,0,0,0,0,0,0,0,0,0,0,0,0,0.0,0.0,0.0,0.0,0,0.0,0.0,0.0,0.0,0,False,190,1
90,0,0,0,2,0,0,0,1,0,0,0,3,18.4,2.9,7.0,2.8,1,0.04,0.02,0.06,1.59,0,False,191,1
20,0,0,0,1,0,0,0,1,0,0,0,-5,0.2,12.8,7.0,2.0,0,0.46,0.01,0.47,0.95,0,False,192,1
6,0,0,0,0,0,0,0,0,0,0,0,4,0.4,2.8,0.0,0.3,0,0.0,0.0,0.0,0.0,1,False,193,1
83,0,0,0,2,0,0,0,1,0,0,0,1,16.4,1.8,0.0,1.8,1,0.0,0.01,0.01,1.59,0,False,194,1
0,0,0,0,0,0,0,0,0,0,0,0,0,0.0,0.0,0.0,0.0,0,0.0,0.0,0.0,0.0,0,False,195,1
0,0,0,0,0,0,0,0,0,0,0,0,0,0.0,0.0,0.0,0.0,0,0.0,0.0,0.0,0.0,0,False,196,1
0,0,0,0,0,0,0,0,0,0,0,0,0,0.0,0.0,0.0,0.0,0,0.0,0.0,0.0,0.0,0,False,197,1
45,0,0,0,1,0,0,0,0,0,0,0,1,0.0,10.7,5.0,1.5,0,0.05,0.02,0.07,1.09,1,False,198,1
90,0,0,0,2,0,0,0,0,0,0,0,14,12.4,6.8,65.0,8.4,1,0.41,0.05,0.46,1.59,2,False,199,1
90,0,0,0,2,0,0,0,1,0,0,0,9,21.0,2.6,0.0,2.4,1,0.0,0.02,0.02,1.59,0,False,200,1
90,0,0,0,2,0,0,0,0,0,3,0,5,26.4,0.0,0.0,2.6,1,0.0,0.0,0.0,1.59,2,False,201,1
0,0,0,0,0,0,0,0,0,0,0,0,0,0.0,0.0,0.0,0.0,0,0.0,0.0,0.0,0.0,0,False,202,1
83,0,0,0,2,0,0,0,0,0,0,0,10,14.2,14.0,4.0,3.2,1,0.0,0.05,0.05,1.59,2,False,203,1
0,0,0,0,0,0,0,0,0,0,0,0,0,0.0,0.0,0.0,0.0,0,0.0,0.0,0.0,0.0,0,False,204,1
69,0,0,0,1,0,0,0,1,0,0,0,2,7.8,25.0,4.0,3.7,1,0.0,0.06,0.06,0.64,1,False,205,1
16,0,0,0,1,0,0,0,0,0,0,0,7,3.4,14.4,0.0,1.8,0,0.0,0.32,0.32,0.95,1,False,206,1
45,0,0,0,1,0,0,0,0,0,0,0,1,0.0,3.1,4.0,0.7,1,0.0,0.01,0.01,0.5,1,False,207,1
0,0,0,0,0,0,0,0,0,0,0,0,0,0.0,0.0,0.0,0.0,0,0.0,0.0,0.0,0.0,0,False,208,1
0,0,0,0,0,0,0,0,0,0,0,0,0,0.0,0.0,0.0,0.0,0,0.0,0.0,0.0,0.0,0,False,209,1
90,0,0,0,2,0,0,0,0,0,0,0,6,13.8,27.0,6.0,4.7,1,0.12,0.03,0.15,1.59,1,False,210,1
90,0,1,0,2,0,0,0,0,0,0,0,11,12.2,13.4,6.0,3.2,1,0.0,0.02,0.02,1.59,4,False,211,1
0,0,0,0,0,0,0,0,0,0,0,0,0,0.0,0.0,0.0,0.0,0,0.0,0.0,0.0,0.0,0,False,212,1
0,0,0,0,0,0,0,0,0,0,0,0,0,0.0,0.0,0.0,0.0,0,0.0,0.0,0.0,0.0,0,False,213,1
0,0,0,0,0,0,0,0,0,0,0,0,0,0.0,0.0,0.0,0.0,0,0.0,0.0,0.0,0.0,0,False,214,1
0,0,0,0,0,0,0,0,0,0,0,0,0,0.0,0.0,0.0,0.0,0,0.0,0.0,0.0,0.0,0,False,215,1
73,0,0,0,1,0,0,0,0,0,0,0,18,14.2,1.8,18.0,3.4,1,0.09,0.02,0.11,0.64,2,False,216,1
62,0,0,0,2,0,0,0,0,0,0,0,2,2.4,3.2,5.0,1.1,1,0.14,0.01,0.15,1.13,2,False,217,1
14,0,0,0,1,0,0,0,0,0,0,0,2,0.0,0.0,0.0,0.0,0,0.0,0.0,0.0,0.07,1,False,218,1
0,0,0,0,0,0,0,0,0,0,0,0,0,0.0,0.0,0.0,0.0,0,0.0,0.0,0.0,0.0,0,False,219,1
75,0,0,0,2,0,0,0,0,0,0,0,5,0.0,1.8,6.0,0.8,1,0.0,0.01,0.01,1.36,2,False,220,1
0,0,0,0,0,0,0,0,0,0,0,0,0,0.0,0.0,0.0,0.0,0,0.0,0.0,0.0,0.0,0,False,221,1
90,0,0,0,3,0,0,0,0,0,0,0,6,2.4,2.8,3.0,0.8,1,0.02,0.01,0.03,1.43,2,False,222,1
0,0,0,0,0,0,0,0,0,0,0,0,0,0.0,0.0,0.0,0.0,0,0.0,0.0,0.0,0.0,0,False,223,1
84,0,0,0,2,0,0,0,0,0,0,0,9,9.8,16.3,32.0,5.8,1,0.14,0.26,0.4,1.36,2,False,224,1
5,0,0,0,1,0,0,0,0,0,0,0,-1,0.0,0.0,0.0,0.0,0,0.0,0.0,0.0,0.07,1,False,225,1
90,0,0,0,3,0,0,0,0,0,0,0,6,18.8,2.5,10.0,3.1,1,0.14,0.01,0.15,1.43,2,False,226,1
0,0,0,0,0,0,0,0,0,0,0,0,0,0.0,0.0,0.0,0.0,0,0.0,0.0,0.0,0.0,0,False,227,1
90,0,0,0,3,0,0,0,0,0,0,0,0,12.2,0.4,4.0,1.7,1,0.01,0.01,0.02,1.43,1,False,228,1
0,0,0,0,0,0,0,0,0,0,0,0,0,0.0,0.0,0.0,0.0,0,0.0,0.0,0.0,0.0,0,False,229,1
90,0,0,0,3,0,0,0,0,0,0,0,8,9.2,19.7,0.0,2.9,1,0.0,0.16,0.16,1.43,2,False,230,1
90,0,0,0,3,0,0,0,0,0,0,0,-5,4.8,1.2,2.0,0.8,1,0.0,0.0,0.0,1.43,1,False,231,1
27,0,0,0,1,0,0,0,0,0,0,0,3,5.0,0.2,2.0,0.7,0,0.0,0.0,0.0,0.3,1,False,232,1
90,1,0,0,1,0,0,0,0,0,0,3,38,48.2,4.3,33.0,8.6,1,0.55,0.01,0.56,2.46,10,False,233,1
0,0,0,0,0,0,0,0,0,0,0,0,0,0.0,0.0,0.0,0.0,0,0.0,0.0,0.0,0.0,0,False,234,1
90,0,0,0,3,0,0,0,0,0,2,0,2,23.8,0.0,0.0,2.4,1,0.0,0.02,0.02,1.43,1,False,235,1
90,0,0,0,3,0,0,0,1,0,0,0,-4,17.4,10.8,4.0,3.2,1,0.01,0.01,0.02,1.43,0,False,236,1
0,0,0,0,0,0,0,0,0,0,0,0,0,0.0,0.0,0.0,0.0,0,0.0,0.0,0.0,0.0,0,False,237,1
65,0,0,0,3,0,0,0,0,1,0,0,-10,9.8,15.2,0.0,2.5,1,0.0,0.17,0.17,1.23,-2,False,238,1
77,0,0,1,0,0,0,0,0,0,0,0,5,1.0,3.8,14.0,1.9,1,0.1,0.02,0.12,1.57,3,False,239,1
90,0,0,0,1,0,0,0,1,0,0,0,15,11.0,83.0,2.0,9.6,1,0.0,0.16,0.16,1.77,1,False,240,1
90,0,0,0,1,0,0,0,1,0,0,0,5,9.2,0.8,8.0,1.8,1,0.1,0.03,0.13,2.43,1,False,241,1
0,0,0,0,0,0,0,0,0,0,0,0,0,0.0,0.0,0.0,0.0,0,0.0,0.0,0.0,0.0,0,False,242,1
26,0,0,0,1,0,0,0,1,0,0,0,2,3.8,11.7,4.0,2.0,0,0.0,0.05,0.05,0.94,0,False,243,1
0,0,0,0,0,0,0,0,0,0,0,0,0,0.0,0.0,0.0,0.0,0,0.0,0.0,0.0,0.0,0,False,244,1
90,0,0,0,1,0,0,0,0,0,0,0,13,25.4,0.2,0.0,2.6,1,0.0,0.0,0.0,2.43,2,False,245,1
0,0,0,0,0,0,0,0,0,0,0,0,0,0.0,0.0,0.0,0.0,0,0.0,0.0,0.0,0.0,0,False,246,1
90,0,0,0,1,0,0,0,0,0,0,0,5,11.0,10.9,13.0,3.5,1,0.04,0.15,0.19,2.43,2,False,247,1
90,0,0,0,1,0,0,0,0,0,4,0,12,33.0,0.0,0.0,3.3,1,0.0,0.0,0.0,2.43,3,False,248,1
90,0,0,0,1,0,0,0,0,0,0,0,16,11.6,2.9,0.0,1.5,1,0.0,0.01,0.01,1.77,2,False,249,1
0,0,0,0,0,0,0,0,0,0,0,0,0,0.0,0.0,0.0,0.0,0,0.0,0.0,0.0,0.0,0,False,250,1
77,0,0,1,0,0,0,0,0,0,0,0,10,9.4,20.4,28.0,5.8,1,0.11,0.0,0.11,1.57,2,False,251,1
12,0,0,0,1,0,0,0,0,0,0,0,3,0.2,0.3,0.0,0.1,0,0.0,0.0,0.0,0.87,1,False,252,1
0,0,0,0,0,0,0,0,0,0,0,0,0,0.0,0.0,0.0,0.0,0,0.0,0.0,0.0,0.0,0,False,253,1
1,0,0,0,0,0,0,0,0,0,0,0,4,2.2,0.0,0.0,0.2,0,0.0,0.0,0.0,0.67,1,False,254,1
90,0,0,0,1,0,0,0,0,0,0,0,15,29.2,1.5,2.0,3.3,1,0.0,0.01,0.01,2.43,2,False,255,1
1,0,0,0,0,0,0,0,0,0,0,0,2,0.0,0.0,0.0,0.0,0,0.0,0.0,0.0,0.67,1,False,256,1
90,0,0,0,1,0,0,0,0,0,0,0,7,10.0,1.2,14.0,2.5,1,0.09,0.0,0.09,2.43,2,False,257,1
0,0,0,0,0,0,0,0,0,0,0,0,0,0.0,0.0,0.0,0.0,0,0.0,0.0,0.0,0.0,0,False,258,1
12,0,0,0,1,0,0,0,0,0,0,0,4,0.2,3.9,4.0,0.8,0,0.0,0.01,0.01,0.87,1,False,259,1
16,0,0,0,0,0,0,0,0,0,0,0,2,2.0,0.0,2.0,0.4,0,0.0,0.0,0.0,0.58,1,False,260,1
0,0,0,0,0,0,0,0,0,0,0,0,0,0.0,0.0,0.0,0.0,0,0.0,0.0,0.0,0.0,0,False,261,1
0,0,0,0,0,0,0,0,0,0,0,0,0,0.0,0.0,0.0,0.0,0,0.0,0.0,0.0,0.0,0,False,262,1
0,0,0,0,0,0,0,0,0,0,0,0,0,0.0,0.0,0.0,0.0,0,0.0,0.0,0.0,0.0,0,False,263,1
56,0,0,0,0,0,0,0,1,0,0,0,-2,0.0,1.8,2.0,0.0,1,0.0,0.0,0.0,0.46,0,False,264,1
64,0,0,0,1,0,0,0,0,0,0,0,12,4.2,2.5,2.0,0.9,1,0.0,0.01,0.01,1.45,2,False,265,1
0,0,0,0,0,0,0,0,0,0,0,0,0,0.0,0.0,0.0,0.0,0,0.0,0.0,0.0,0.0,0,False,266,1
90,0,0,0,2,0,0,0,0,0,0,0,-1,14.8,6.1,0.0,2.1,1,0.0,0.02,0.02,2.65,1,False,267,1
73,0,0,0,2,0,0,0,0,0,0,0,8,6.4,20.7,8.0,3.5,1,0.0,0.0,0.0,2.07,2,False,268,1
0,0,0,0,0,0,0,0,0,0,0,0,0,0.0,0.0,0.0,0.0,0,0.0,0.0,0.0,0.0,0,False,269,1
90,0,0,0,2,0,0,0,0,0,0,0,12,26.2,0.8,22.0,4.9,1,0.1,0.0,0.1,2.65,1,False,270,1
25,0,0,0,1,0,0,0,0,0,0,0,1,5.4,1.6,4.0,1.1,0,0.0,0.03,0.03,1.21,1,False,271,1
0,0,0,0,0,0,0,0,0,0,0,0,0,0.0,0.0,0.0,0.0,0,0.0,0.0,0.0,0.0,0,False,272,1
0,0,0,0,0,0,0,0,0,0,0,0,0,0.0,0.0,0.0,0.0,0,0.0,0.0,0.0,0.0,0,False,273,1
90,0,0,0,2,0,0,0,1,0,0,0,11,7.2,1.8,18.0,2.7,1,0.27,0.02,0.29,2.65,1,False,274,1
33,0,0,0,2,0,0,0,0,0,0,0,-5,11.0,0.0,0.0,1.1,0,0.0,0.0,0.0,2.19,0,False,275,1
0,0,0,0,0,0,0,0,0,0,0,0,0,0.0,0.0,0.0,0.0,0,0.0,0.0,0.0,0.0,0,False,276,1
64,0,0,0,1,0,0,0,0,0,0,0,8,10.8,1.3,0.0,1.2,1,0.0,0.0,0.0,1.45,2,False,277,1
90,0,0,0,2,0,0,0,0,0,0,0,14,16.2,15.9,2.0,3.4,1,0.0,0.08,0.08,2.65,2,False,278,1
0,0,0,0,0,0,0,0,0,0,0,0,0,0.0,0.0,0.0,0.0,0,0.0,0.0,0.0,0.0,0,False,279,1
0,0,0,0,0,0,0,0,0,0,0,0,0,0.0,0.0,0.0,0.0,0,0.0,0.0,0.0,0.0,0,False,280,1
25,0,0,0,1,0,0,0,0,0,0,0,3,3.2,0.9,2.0,0.6,0,0.02,0.01,0.03,1.21,1,False,281,1
73,0,0,0,2,0,0,0,0,0,0,0,1,7.8,0.4,4.0,1.2,1,0.07,0.0,0.07,2.07,1,False,282,1
90,0,0,0,2,0,0,0,0,0,3,0,9,28.2,0.0,0.0,2.8,1,0.0,0.0,0.0,2.65,2,False,283,1
90,0,0,0,2,0,0,0,1,0,0,0,7,27.2,0.3,2.0,3.0,1,0.0,0.0,0.0,2.65,0,False,284,1
11,0,0,0,0,0,0,0,0,0,0,0,3,0.2,0.3,0.0,0.1,0,0.0,0.0,0.0,0.25,1,False,285,1
0,0,0,0,0,0,0,0,0,0,0,0,0,0.0,0.0,0.0,0.0,0,0.0,0.0,0.0,0.0,0,False,286,1
0,0,0,0,0,0,0,0,0,0,0,0,0,0.0,0.0,0.0,0.0,0,0.0,0.0,0.0,0.0,0,False,287,1
0,0,0,0,0,0,0,0,0,0,0,0,0,0.0,0.0,0.0,0.0,0,0.0,0.0,0.0,0.0,0,False,288,1
0,0,0,0,0,0,0,0,0,0,0,0,0,0.0,0.0,0.0,0.0,0,0.0,0.0,0.0,0.0,0,False,289,1
85,0,0,0,1,0,0,0,0,0,0,0,2,4.4,2.8,4.0,1.1,1,0.06,0.01,0.07,1.04,2,False,290,1
90,0,0,0,1,0,0,0,1,0,0,0,7,15.4,0.3,0.0,1.6,1,0.0,0.0,0.0,1.23,1,False,291,1
0,0,0,0,0,0,0,0,0,0,0,0,0,0.0,0.0,0.0,0.0,0,0.0,0.0,0.0,0.0,0,False,292,1
90,0,0,0,1,0,0,0,0,0,5,0,15,41.6,0.0,0.0,4.2,1,0.0,0.0,0.0,1.23,3,False,293,1
0,0,0,0,0,0,0,0,0,0,0,0,0,0.0,0.0,0.0,0.0,0,0.0,0.0,0.0,0.0,0,False,294,1
90,0,0,0,1,0,0,0,0,0,0,0,15,24.0,9.1,5.0,3.8,1,0.06,0.01,0.07,1.23,2,False,295,1
90,0,0,0,1,0,0,0,0,0,0,0,9,22.2,8.9,0.0,3.1,1,0.0,0.03,0.03,1.23,2,False,296,1
0,0,0,0,0,0,0,0,0,0,0,0,0,0.0,0.0,0.0,0.0,0,0.0,0.0,0.0,0.0,0,False,297,1
11,0,0,0,0,0,0,0,0,0,0,0,4,6.2,14.1,0.0,2.0,0,0.0,0.03,0.03,0.25,1,False,298,1
4,0,0,0,0,0,0,0,0,0,0,0,3,4.2,0.1,4.0,0.8,0,0.02,0.0,0.02,0.19,1,False,299,1
90,0,0,0,1,0,0,0,0,0,0,0,14,24.0,1.1,23.0,4.8,1,0.07,0.01,0.08,1.23,2,False,300,1
0,0,0,0,0,0,0,0,0,0,0,0,0,0.0,0.0,0.0,0.0,0,0.0,0.0,0.0,0.0,0,False,301,1
0,0,0,0,0,0,0,0,0,0,0,0,0,0.0,0.0,0.0,0.0,0,0.0,0.0,0.0,0.0,0,False,302,1
0,0,0,0,0,0,0,0,0,0,0,0,0,0.0,0.0,0.0,0.0,0,0.0,0.0,0.0,0.0,0,False,303,1
0,0,0,0,0,0,0,0,0,0,0,0,0,0.0,0.0,0.0,0.0,0,0.0,0.0,0.0,0.0,0,False,304,1
0,0,0,0,0,0,0,0,0,0,0,0,0,0.0,0.0,0.0,0.0,0,0.0,0.0,0.0,0.0,0,False,305,1
78,1,0,0,1,0,0,0,0,0,0,2,33,40.4,0.1,54.0,9.5,1,0.8,0.0,0.8,0.98,8,False,306,1
90,0,0,0,1,0,0,0,0,0,0,0,6,15.8,0.3,0.0,1.6,1,0.0,0.0,0.0,1.23,2,False,307,1
0,0,0,0,0,0,0,0,0,0,0,0,0,0.0,0.0,0.0,0.0,0,0.0,0.0,0.0,0.0,0,False,308,1
90,0,0,0,1,0,0,0,0,0,0,0,17,18.6,15.9,0.0,3.5,1,0.0,0.03,0.03,1.23,2,False,309,1
90,0,0,1,0,0,0,0,0,0,2,1,28,18.4,0.0,0.0,1.8,1,0.0,0.0,0.0,0.45,7,False,310,1
76,0,0,1,0,0,0,0,0,0,0,2,31,9.0,43.7,3.0,5.6,1,0.06,1.0,1.06,0.41,8,False,311,1
0,0,0,0,0,0,0,0,0,0,0,0,0,0.0,0.0,0.0,0.0,0,0.0,0.0,0.0,0.0,0,False,312,1
13,0,0,0,0,0,0,0,0,0,0,0,3,7.4,1.9,40.0,4.9,0,0.24,0.02,0.26,0.04,1,False,313,1
6,0,0,0,0,0,0,0,0,0,0,0,5,2.2,0.3,0.0,0.3,0,0.0,0.0,0.0,0.56,1,False,314,1
0,0,0,0,0,0,0,0,0,0,0,0,0,0.0,0.0,0.0,0.0,0,0.0,0.0,0.0,0.0,0,False,315,1
0,0,0,0,0,0,0,0,0,0,0,0,0,0.0,0.0,0.0,0.0,0,0.0,0.0,0.0,0.0,0,False,316,1
78,1,0,1,0,0,0,0,0,0,0,0,24,36.8,4.9,41.0,8.3,1,0.95,0.04,0.99,0.41,8,False,317,1
0,0,0,0,0,0,0,0,0,0,0,0,0,0.0,0.0,0.0,0.0,0,0.0,0.0,0.0,0.0,0,False,318,1
0,0,0,0,0,0,0,0,0,0,0,0,0,0.0,0.0,0.0,0.0,0,0.0,0.0,0.0,0.0,0,False,319,1
0,0,0,0,0,0,0,0,0,0,0,0,0,0.0,0.0,0.0,0.0,0,0.0,0.0,0.0,0.0,0,False,320,1
11,0,0,0,0,0,0,0,1,0,0,0,-1,0.0,1.8,6.0,0.8,0,0.0,0.0,0.0,0.04,0,False,321,1
0,0,0,0,0,0,0,0,0,0,0,0,0,0.0,0.0,0.0,0.0,0,0.0,0.0,0.0,0.0,0,False,322,1
90,0,0,1,0,0,0,0,0,0,0,0,6,6.2,10.4,0.0,1.7,1,0.0,0.39,0.39,0.45,3,False,323,1
0,0,0,0,0,0,0,0,0,0,0,0,0,0.0,0.0,0.0,0.0,0,0.0,0.0,0.0,0.0,0,False,324,1
0,0,0,0,0,0,0,0,0,0,0,0,0,0.0,0.0,0.0,0.0,0,0.0,0.0,0.0,0.0,0,False,325,1
45,0,0,0,0,0,0,0,0,0,0,0,12,14.2,0.3,0.0,1.5,0,0.0,0.0,0.0,0.15,1,False,326,1
90,0,0,1,0,0,0,0,0,0,0,0,13,9.6,37.1,31.0,7.8,1,0.46,0.38,0.84,0.45,3,False,327,1
90,1,1,1,0,0,0,0,0,0,0,3,38,58.0,24.4,70.0,15.2,1,0.7,0.15,0.85,0.45,14,True,328,1
90,0,0,1,0,0,0,0,0,0,0,0,7,2.6,9.3,7.0,1.9,1,0.1,0.06,0.16,0.45,3,False,329,1
0,0,0,0,0,0,0,0,0,0,0,0,0,0.0,0.0,0.0,0.0,0,0.0,0.0,0.0,0.0,0,False,330,1
0,0,0,0,0,0,0,0,0,0,0,0,0,0.0,0.0,0.0,0.0,0,0.0,0.0,0.0,0.0,0,False,331,1
0,0,0,0,0,0,0,0,0,0,0,0,0,0.0,0.0,0.0,0.0,0,0.0,0.0,0.0,0.0,0,False,332,1
45,0,0,0,0,0,0,0,0,0,0,0,7,15.8,0.5,0.0,1.6,1,0.0,0.0,0.0,0.31,1,False,333,1
0,0,0,0,0,0,0,0,0,0,0,0,0,0.0,0.0,0.0,0.0,0,0.0,0.0,0.0,0.0,0,False,334,1
78,0,0,1,0,0,0,0,0,0,0,0,24,12.0,17.1,4.0,3.3,1,0.0,0.13,0.13,0.41,6,False,335,1
90,0,1,1,0,0,0,0,0,0,0,1,28,10.4,41.2,15.0,6.7,1,0.15,0.24,0.39,0.45,7,False,336,1
11,0,0,0,0,0,0,0,0,0,0,0,3,1.4,1.2,0.0,0.3,0,0.0,0.01,0.01,0.04,1,False,337,1
0,0,0,0,0,0,0,0,0,0,0,0,0,0.0,0.0,0.0,0.0,0,0.0,0.0,0.0,0.0,0,False,338,1
90,0,0,1,0,0,0,0,0,0,0,0,24,8.8,1.5,4.0,1.4,1,0.0,0.01,0.01,0.45,6,False,339,1
90,0,0,1,0,0,0,0,0,0,0,0,28,16.2,1.6,0.0,1.8,1,0.0,0.01,0.01,1.01,6,False,340,1
0,0,0,0,0,0,0,0,0,0,0,0,0,0.0,0.0,0.0,0.0,0,0.0,0.0,0.0,0.0,0,False,341,1
90,0,1,1,0,0,0,0,0,0,0,0,26,32.0,38.1,30.0,10.0,1,0.13,0.2,0.33,1.01,6,False,342,1
0,0,0,0,0,0,0,0,0,0,0,0,0,0.0,0.0,0.0,0.0,0,0.0,0.0,0.0,0.0,0,False,343,1
0,0,0,0,0,0,0,0,0,0,0,0,0,0.0,0.0,0.0,0.0,0,0.0,0.0,0.0,0.0,0,False,344,1
90,0,0,1,0,0,0,0,0,0,0,0,14,5.0,15.3,4.0,2.4,1,0.07,0.32,0.39,1.01,3,False,345,1
90,0,0,1,0,0,0,0,0,0,0,0,20,12.8,23.3,29.0,6.5,1,0.13,0.09,0.22,1.01,3,False,346,1
90,0,0,1,0,0,0,0,0,0,3,1,30,19.6,0.0,0.0,2.0,1,0.0,0.0,0.0,1.01,8,False,347,1
45,0,0,0,0,0,0,0,0,0,0,0,6,9.0,3.7,0.0,1.3,0,0.0,0.01,0.01,0.72,1,False,348,1
0,0,0,0,0,0,0,0,0,0,0,0,0,0.0,0.0,0.0,0.0,0,0.0,0.0,0.0,0.0,0,False,349,1
90,0,0,1,0,0,0,0,0,0,0,1,30,23.2,3.3,5.0,3.2,1,0.03,0.02,0.05,1.01,7,False,350,1
90,1,0,1,0,0,0,0,1,0,0,2,31,36.4,0.6,38.0,7.5,1,0.28,0.0,0.28,1.01,7,False,351,1
0,0,0,0,0,0,0,0,0,0,0,0,0,0.0,0.0,0.0,0.0,0,0.0,0.0,0.0,0.0,0,False,352,1
0,0,0,0,0,0,0,0,0,0,0,0,0,0.0,0.0,0.0,0.0,0,0.0,0.0,0.0,0.0,0,False,353,1
90,1,0,1,0,0,0,0,0,0,0,3,36,55.6,4.9,9.0,7.0,1,0.13,0.02,0.15,1.01,11,True,354,1
90,0,0,1,0,0,0,0,0,0,0,0,22,15.0,3.3,8.0,2.6,1,0.0,0.01,0.01,1.01,6,False,355,1
0,0,0,0,0,0,0,0,0,0,0,0,0,0.0,0.0,0.0,0.0,0,0.0,0.0,0.0,0.0,0,False,356,1
0,0,0,0,0,0,0,0,0,0,0,0,0,0.0,0.0,0.0,0.0,0,0.0,0.0,0.0,0.0,0,False,357,1
0,0,0,0,0,0,0,0,0,0,0,0,0,0.0,0.0,0.0,0.0,0,0.0,0.0,0.0,0.0,0,False,358,1
0,0,0,0,0,0,0,0,0,0,0,0,0,0.0,0.0,0.0,0.0,0,0.0,0.0,0.0,0.0,0,False,359,1
0,0,0,0,0,0,0,0,0,0,0,0,0,0.0,0.0,0.0,0.0,0,0.0,0.0,0.0,0.0,0,False,360,1
90,0,0,1,0,0,0,0,0,0,0,0,27,14.2,0.5,0.0,1.5,1,0.0,0.0,0.0,1.01,6,False,361,1
0,0,0,0,0,0,0,0,0,0,0,0,0,0.0,0.0,0.0,0.0,0,0.0,0.0,0.0,0.0,0,False,362,1
0,0,0,0,0,0,0,0,0,0,0,0,0,0.0,0.0,0.0,0.0,0,0.0,0.0,0.0,0.0,0,False,363,1
60,0,0,1,0,0,0,0,0,0,0,0,11,7.4,19.1,6.0,3.3,1,0.0,0.13,0.13,0.21,3,False,364,1
0,0,0,0,0,0,0,0,0,0,0,0,0,0.0,0.0,0.0,0.0,0,0.0,0.0,0.0,0.0,0,False,365,1
90,0,0,1,0,0,0,0,0,0,0,0,10,15.0,8.3,49.0,7.2,1,1.19,0.03,1.22,0.44,3,False,366,1
0,0,0,0,0,0,0,0,0,0,0,0,0,0.0,0.0,0.0,0.0,0,0.0,0.0,0.0,0.0,0,False,367,1
90,0,0,1,0,0,0,0,0,0,0,0,19,26.8,39.9,13.0,8.0,1,0.16,0.5,0.66,0.44,3,False,368,1
90,0,0,1,0,0,0,0,0,0,0,1,26,13.4,4.8,0.0,1.8,1,0.0,0.02,0.02,0.44,7,False,369,1
0,0,0,0,0,0,0,0,0,0,0,0,0,0.0,0.0,0.0,0.0,0,0.0,0.0,0.0,0.0,0,False,370,1
9,0,0,0,0,0,0,0,0,0,0,0,2,1.4,0.0,0.0,0.1,0,0.0,0.0,0.0,0.06,1,False,371,1
29,0,1,0,0,0,0,0,0,0,0,0,11,21.2,25.0,9.0,5.5,0,0.68,0.09,0.77,0.23,4,False,372,1
0,0,0,0,0,0,0,0,0,0,0,0,0,0.0,0.0,0.0,0.0,0,0.0,0.0,0.0,0.0,0,False,373,1
0,0,0,0,0,0,0,0,0,0,0,0,0,0.0,0.0,0.0,0.0,0,0.0,0.0,0.0,0.0,0,False,374,1
0,0,0,0,0,0,0,0,0,0,0,0,0,0.0,0.0,0.0,0.0,0,0.0,0.0,0.0,0.0,0,False,375,1
0,0,0,0,0,0,0,0,0,0,0,0,0,0.0,0.0,0.0,0.0,0,0.0,0.0,0.0,0.0,0,False,376,1
80,0,0,1,0,0,0,0,1,0,0,0,22,19.6,1.6,0.0,2.1,1,0.0,0.01,0.01,0.38,5,False,377,1
83,0,0,1,0,0,0,0,0,0,0,0,21,12.0,3.7,1.0,1.7,1,0.03,0.01,0.04,0.38,3,False,378,1
0,0,0,0,0,0,0,0,0,0,0,0,0,0.0,0.0,0.0,0.0,0,0.0,0.0,0.0,0.0,0,False,379,1
90,0,0,1,0,0,0,0,0,0,0,1,26,19.4,11.9,0.0,3.1,1,0.0,0.02,0.02,0.44,7,False,380,1
6,0,0,0,0,0,0,0,0,0,0,0,3,0.6,0.1,0.0,0.1,0,0.0,0.0,0.0,0.06,1,False,381,1
60,0,0,1,0,0,0,0,1,0,0,0,-1,10.2,22.8,25.0,5.8,1,0.3,0.03,0.33,0.21,2,False,382,1
90,0,0,1,0,0,0,0,0,0,2,0,25,16.8,0.0,0.0,1.7,1,0.0,0.0,0.0,0.44,6,False,383,1
0,0,0,0,0,0,0,0,0,0,0,0,0,0.0,0.0,0.0,0.0,0,0.0,0.0,0.0,0.0,0,False,384,1
90,0,0,1,0,0,0,0,0,0,0,0,5,4.6,14.8,8.0,2.7,1,0.0,0.11,0.11,0.44,3,False,385,1
0,0,0,0,0,0,0,0,0,0,0,0,0,0.0,0.0,0.0,0.0,0,0.0,0.0,0.0,0.0,0,False,386,1
0,0,0,0,0,0,0,0,0,0,0,0,0,0.0,0.0,0.0,0.0,0,0.0,0.0,0.0,0.0,0,False,387,1
0,0,0,0,0,0,0,0,0,0,0,0,0,0.0,0.0,0.0,0.0,0,0.0,0.0,0.0,0.0,0,False,388,1
29,1,0,0,0,0,0,0,0,0,0,3,33,33.2,1.8,17.0,5.2,0,0.07,0.0,0.07,0.23,8,False,389,1
0,0,0,0,0,0,0,0,0,0,0,0,0,0.0,0.0,0.0,0.0,0,0.0,0.0,0.0,0.0,0,False,390,1
0,0,0,0,0,0,0,0,0,0,0,0,0,0.0,0.0,0.0,0.0,0,0.0,0.0,0.0,0.0,0,False,391,1
20,0,0,0,0,0,0,0,0,0,0,0,1,0.0,0.0,0.0,0.0,0,0.0,0.0,0.0,0.44,1,False,392,1
0,0,0,0,0,0,0,0,0,0,0,0,0,0.0,0.0,0.0,0.0,0,0.0,0.0,0.0,0.0,0,False,393,1
90,0,0,1,0,0,0,0,0,0,0,0,14,21.2,1.8,0.0,2.3,1,0.0,0.04,0.04,1.77,3,False,394,1
90,0,0,1,0,0,0,0,1,0,0,0,18,17.4,0.0,0.0,1.7,1,0.0,0.0,0.0,1.77,5,False,395,1
0,0,0,0,0,0,0,0,0,0,0,0,0,0.0,0.0,0.0,0.0,0,0.0,0.0,0.0,0.0,0,False,396,1
0,0,0,0,0,0,0,0,0,0,0,0,0,0.0,0.0,0.0,0.0,0,0.0,0.0,0.0,0.0,0,False,397,1
69,0,0,1,0,0,0,0,0,0,0,0,12,2.4,12.8,2.0,1.7,1,0.0,0.02,0.02,1.33,3,False,398,1
69,0,0,1,0,0,0,0,1,0,0,0,17,14.2,14.7,2.0,3.1,1,0.0,0.02,0.02,1.33,5,False,399,1
0,0,0,0,0,0,0,0,0,0,0,0,0,0.0,0.0,0.0,0.0,0,0.0,0.0,0.0,0.0,0,False,400,1
90,0,1,1,0,0,0,0,0,0,0,0,22,25.6,10.8,6.0,4.2,1,0.0,0.08,0.08,1.77,5,False,401,1
29,0,0,0,0,0,0,0,0,0,0,0,9,5.0,0.9,0.0,0.6,1,0.0,0.01,0.01,0.2,1,False,402,1
90,1,0,1,0,0,0,0,0,0,0,3,34,53.8,1.2,24.0,7.9,1,0.22,0.01,0.23,1.77,11,True,403,1
20,0,0,0,0,0,0,0,0,0,0,0,4,9.2,0.0,0.0,0.9,0,0.0,0.0,0.0,0.44,1,False,404,1
60,0,0,1,0,0,0,0,0,0,0,0,21,16.0,0.0,6.0,2.2,0,0.0,0.0,0.0,1.58,6,False,405,1
0,0,0,0,0,0,0,0,0,0,0,0,0,0.0,0.0,0.0,0.0,0,0.0,0.0,0.0,0.0,0,False,406,1
0,0,0,0,0,0,0,0,0,0,0,0,0,0.0,0.0,0.0,0.0,0,0.0,0.0,0.0,0.0,0,False,407,1
0,0,0,0,0,0,0,0,0,0,0,0,0,0.0,0.0,0.0,0.0,0,0.0,0.0,0.0,0.0,0,False,408,1
90,0,0,1,0,0,0,0,0,0,0,1,25,20.0,0.6,0.0,2.1,1,0.0,0.0,0.0,1.77,7,False,409,1
90,0,0,1,0,0,0,0,0,0,0,0,11,9.4,1.3,4.0,1.5,1,0.0,0.01,0.01,1.77,3,False,410,1
0,0,0,0,0,0,0,0,0,0,0,0,0,0.0,0.0,0.0,0.0,0,0.0,0.0,0.0,0.0,0,False,411,1
0,0,0,0,0,0,0,0,0,0,0,0,0,0.0,0.0,0.0,0.0,0,0.0,0.0,0.0,0.0,0,False,412,1
90,0,0,1,0,0,0,0,0,0,3,2,27,25.2,0.0,0.0,2.5,1,0.0,0.0,0.0,1.77,9,True,413,1
0,0,0,0,0,0,0,0,0,0,0,0,0,0.0,0.0,0.0,0.0,0,0.0,0.0,0.0,0.0,0,False,414,1
27,0,0,0,0,0,0,0,0,1,0,0,-8,0.0,0.3,5.0,0.1,1,0.04,0.0,0.04,0.2,-2,False,415,1
0,0,0,0,0,0,0,0,0,0,0,0,0,0.0,0.0,0.0,0.0,0,0.0,0.0,0.0,0.0,0,False,416,1
0,0,0,0,0,0,0,0,0,0,0,0,0,0.0,0.0,0.0,0.0,0,0.0,0.0,0.0,0.0,0,False,417,1
0,0,0,0,0,0,0,0,0,0,0,0,0,0.0,0.0,0.0,0.0,0,0.0,0.0,0.0,0.0,0,False,418,1
0,0,0,0,0,0,0,0,0,0,0,0,0,0.0,0.0,0.0,0.0,0,0.0,0.0,0.0,0.0,0,False,419,1
0,0,0,0,0,0,0,0,0,0,0,0,0,0.0,0.0,0.0,0.0,0,0.0,0.0,0.0,0.0,0,False,420,1
0,0,0,0,0,0,0,0,0,0,0,0,0,0.0,0.0,0.0,0.0,0,0.0,0.0,0.0,0.0,0,False,421,1
53,0,0,0,0,0,0,0,0,0,0,0,4,5.2,2.1,1.0,0.8,1,0.02,0.02,0.04,0.55,1,False,422,1
18,0,0,0,1,0,0,0,0,0,0,0,4,5.4,1.5,8.0,1.5,0,0.0,0.01,0.01,0.59,1,False,423,1
18,0,0,0,1,0,0,0,0,0,0,0,6,3.4,1.0,19.0,2.3,0,0.12,0.03,0.15,0.59,1,False,424,1
90,0,0,0,1,0,0,0,0,0,0,0,10,32.0,0.1,17.0,4.9,1,0.07,0.0,0.07,1.22,2,False,425,1
0,0,0,0,0,0,0,0,0,0,0,0,0,0.0,0.0,0.0,0.0,0,0.0,0.0,0.0,0.0,0,False,426,1
0,0,0,0,0,0,0,0,0,0,0,0,0,0.0,0.0,0.0,0.0,0,0.0,0.0,0.0,0.0,0,False,427,1
0,0,0,0,0,0,0,0,0,0,0,0,0,0.0,0.0,0.0,0.0,0,0.0,0.0,0.0,0.0,0,False,428,1
14,0,0,0,0,0,0,0,0,0,0,0,1,0.0,0.1,0.0,0.0,1,0.0,0.0,0.0,0.28,1,False,429,1
0,0,0,0,0,0,0,0,0,0,0,0,0,0.0,0.0,0.0,0.0,0,0.0,0.0,0.0,0.0,0,False,430,1
36,0,0,0,1,0,0,0,0,0,0,0,3,6.2,5.7,4.0,1.6,0,0.0,0.09,0.09,0.67,1,False,431,1
53,0,0,0,0,0,0,0,0,0,0,0,13,10.4,25.1,9.0,4.5,1,0.02,0.16,0.18,0.55,1,False,432,1
90,0,0,0,1,0,0,0,0,0,0,0,8,9.8,41.3,14.0,6.5,1,0.1,0.07,0.17,1.22,2,False,433,1
71,0,0,1,0,0,0,0,0,0,0,0,13,12.2,41.7,28.0,8.2,1,0.07,0.2,0.27,0.63,3,False,434,1
0,0,0,0,0,0,0,0,0,0,0,0,0,0.0,0.0,0.0,0.0,0,0.0,0.0,0.0,0.0,0,False,435,1
90,0,0,0,1,0,0,0,0,0,0,0,14,19.8,1.0,0.0,2.1,1,0.0,0.0,0.0,1.22,2,False,436,1
90,0,0,0,1,0,0,0,1,0,0,0,9,21.8,30.9,6.0,5.9,1,0.03,0.13,0.16,1.22,1,False,437,1
0,0,0,0,0,0,0,0,0,0,0,0,0,0.0,0.0,0.0,0.0,0,0.0,0.0,0.0,0.0,0,False,438,1
0,0,0,0,0,0,0,0,0,0,0,0,0,0.0,0.0,0.0,0.0,0,0.0,0.0,0.0,0.0,0,False,439,1
0,0,0,0,0,0,0,0,0,0,0,0,0,0.0,0.0,0.0,0.0,0,0.0,0.0,0.0,0.0,0,False,440,1
0,0,0,0,0,0,0,0,0,0,0,0,0,0.0,0.0,0.0,0.0,0,0.0,0.0,0.0,0.0,0,False,441,1
90,0,0,0,1,0,0,0,0,0,0,0,13,14.8,2.5,4.0,2.1,1,0.0,0.01,0.01,1.22,2,False,442,1
90,0,0,0,1,0,0,0,0,0,3,0,13,23.8,0.0,0.0,2.4,1,0.0,0.0,0.0,1.22,3,False,443,1
36,0,0,0,1,0,0,0,0,0,0,0,0,9.6,3.0,6.0,1.9,0,0.02,0.01,0.03,0.67,1,False,444,1
0,0,0,0,0,0,0,0,0,0,0,0,0,0.0,0.0,0.0,0.0,0,0.0,0.0,0.0,0.0,0,False,445,1
0,0,0,0,0,0,0,0,0,0,0,0,0,0.0,0.0,0.0,0.0,0,0.0,0.0,0.0,0.0,0,False,446,1
71,1,0,1,0,0,0,0,0,0,0,3,30,32.2,5.7,21.0,5.9,1,0.71,0.02,0.73,0.63,9,False,447,1
0,0,0,0,0,0,0,0,0,0,0,0,0,0.0,0.0,0.0,0.0,0,0.0,0.0,0.0,0.0,0,False,448,1
75,0,1,0,1,0,0,0,0,0,0,2,29,12.4,16.9,36.0,6.5,0,0.24,0.03,0.27,0.94,7,False,449,1
9,0,0,0,0,0,0,0,0,0,0,0,4,8.4,15.9,19.0,4.3,0,0.07,0.03,0.1,0.0,1,False,450,1
9,0,0,0,0,0,0,0,0,0,0,0,4,4.0,15.0,6.0,2.5,0,0.02,0.13,0.15,0.0,1,False,451,1
69,0,0,0,1,0,0,0,0,0,0,0,18,14.8,27.9,9.0,5.2,1,0.05,0.44,0.49,0.25,2,False,452,1
90,0,0,0,1,0,0,0,0,0,0,0,5,7.8,12.9,37.0,5.8,1,0.71,0.08,0.79,0.25,2,False,453,1
0,0,0,0,0,0,0,0,0,0,0,0,0,0.0,0.0,0.0,0.0,0,0.0,0.0,0.0,0.0,0,False,454,1
80,0,0,0,1,0,0,0,0,0,0,0,13,18.4,12.7,2.0,3.3,1,0.0,0.03,0.03,0.25,2,False,455,1
0,0,0,0,0,0,0,0,0,0,0,0,0,0.0,0.0,0.0,0.0,0,0.0,0.0,0.0,0.0,0,False,456,1
0,0,0,0,0,0,0,0,0,0,0,0,0,0.0,0.0,0.0,0.0,0,0.0,0.0,0.0,0.0,0,False,457,1
0,0,0,0,0,0,0,0,0,0,0,0,0,0.0,0.0,0.0,0.0,0,0.0,0.0,0.0,0.0,0,False,458,1
45,0,0,0,0,0,0,0,1,0,0,0,0,6.8,18.5,16.0,4.1,0,0.0,0.15,0.15,0.0,0,False,459,1
0,0,0,0,0,0,0,0,0,0,0,0,0,0.0,0.0,0.0,0.0,0,0.0,0.0,0.0,0.0,0,False,460,1
90,0,0,0,1,0,0,0,1,0,0,0,6,17.6,14.0,6.0,3.8,1,0.0,0.02,0.02,0.25,1,False,461,1
0,0,0,0,0,0,0,0,0,0,0,0,0,0.0,0.0,0.0,0.0,0,0.0,0.0,0.0,0.0,0,False,462,1
0,0,0,0,0,0,0,0,0,0,0,0,0,0.0,0.0,0.0,0.0,0,0.0,0.0,0.0,0.0,0,False,463,1
0,0,0,0,0,0,0,0,0,0,0,0,0,0.0,0.0,0.0,0.0,0,0.0,0.0,0.0,0.0,0,False,464,1
0,0,0,0,0,0,0,0,0,0,0,0,0,0.0,0.0,0.0,0.0,0,0.0,0.0,0.0,0.0,0,False,465,1
0,0,0,0,0,0,0,0,0,0,0,0,0,0.0,0.0,0.0,0.0,0,0.0,0.0,0.0,0.0,0,False,466,1
0,0,0,0,0,0,0,0,0,0,0,0,0,0.0,0.0,0.0,0.0,0,0.0,0.0,0.0,0.0,0,False,467,1
0,0,0,0,0,0,0,0,0,0,0,0,0,0.0,0.0,0.0,0.0,0,0.0,0.0,0.0,0.0,0,False,468,1
90,0,0,0,1,0,0,0,0,0,0,0,2,0.0,0.0,0.0,0.0,1,0.0,0.0,0.0,0.25,2,False,469,1
0,0,0,0,0,0,0,0,0,0,0,0,0,0.0,0.0,0.0,0.0,0,0.0,0.0,0.0,0.0,0,False,470,1
90,0,0,0,1,0,0,0,0,0,0,0,13,4.8,7.7,28.0,4.1,1,0.31,0.25,0.56,0.25,2,False,471,1
90,0,0,0,1,0,0,0,1,0,0,0,6,12.2,16.6,4.0,3.3,1,0.0,0.04,0.04,0.25,1,False,472,1
0,0,0,0,0,0,0,0,0,0,0,0,0,0.0,0.0,0.0,0.0,0,0.0,0.0,0.0,0.0,0,False,473,1
45,0,0,0,1,0,0,0,0,0,0,0,6,6.0,15.1,2.0,2.3,1,0.0,0.22,0.22,0.25,1,False,474,1
0,0,0,0,0,0,0,0,0,0,0,0,0,0.0,0.0,0.0,0.0,0,0.0,0.0,0.0,0.0,0,False,475,1
80,0,0,0,1,0,0,0,0,0,0,0,8,2.0,10.9,8.0,2.1,1,0.06,0.08,0.14,0.25,2,False,476,1
0,0,0,0,0,0,0,0,0,0,0,0,0,0.0,0.0,0.0,0.0,0,0.0,0.0,0.0,0.0,0,False,477,1
0,0,0,0,0,0,0,0,0,0,0,0,0,0.0,0.0,0.0,0.0,0,0.0,0.0,0.0,0.0,0,False,478,1
0,0,0,0,0,0,0,0,0,0,0,0,0,0.0,0.0,0.0,0.0,0,0.0,0.0,0.0,0.0,0,False,479,1
77,0,0,0,1,0,0,0,1,0,0,0,15,9.8,4.8,29.0,4.4,1,0.27,0.04,0.31,0.9,1,False,480,1
12,0,0,0,0,0,0,0,0,0,0,0,9,11.8,19.4,5.0,3.6,0,0.06,0.14,0.2,0.12,1,False,481,1
0,0,0,0,0,0,0,0,0,0,0,0,0,0.0,0.0,0.0,0.0,0,0.0,0.0,0.0,0.0,0,False,482,1
0,0,0,0,0,0,0,0,0,0,0,0,0,0.0,0.0,0.0,0.0,0,0.0,0.0,0.0,0.0,0,False,483,1
0,0,0,0,0,0,0,0,0,0,0,0,0,0.0,0.0,0.0,0.0,0,0.0,0.0,0.0,0.0,0,False,484,1
0,0,0,0,0,0,0,0,0,0,0,0,0,0.0,0.0,0.0,0.0,0,0.0,0.0,0.0,0.0,0,False,485,1
0,0,0,0,0,0,0,0,0,0,0,0,0,0.0,0.0,0.0,0.0,0,0.0,0.0,0.0,0.0,0,False,486,1
0,0,0,0,0,0,0,0,0,0,0,0,0,0.0,0.0,0.0,0.0,0,0.0,0.0,0.0,0.0,0,False,487,1
0,0,0,0,0,0,0,0,0,0,0,0,0,0.0,0.0,0.0,0.0,0,0.0,0.0,0.0,0.0,0,False,488,1
12,0,0,0,0,0,0,0,0,0,0,0,1,6.6,1.5,0.0,0.8,0,0.0,0.01,0.01,0.12,1,False,489,1
0,0,0,0,0,0,0,0,0,0,0,0,0,0.0,0.0,0.0,0.0,0,0.0,0.0,0.0,0.0,0,False,490,1
77,0,0,0,1,0,0,0,0,0,0,0,8,13.6,14.4,31.0,5.9,1,0.12,0.08,0.2,0.9,2,False,491,1
11,0,0,0,0,0,0,0,0,0,0,0,0,2.4,1.3,22.0,2.6,0,0.0,0.17,0.17,0.12,1,False,492,1
0,0,0,0,0,0,0,0,0,0,0,0,0,0.0,0.0,0.0,0.0,0,0.0,0.0,0.0,0.0,0,False,493,1
78,0,1,0,1,0,0,0,0,0,0,0,25,31.6,52.8,15.0,9.9,1,0.02,0.98,1.0,0.9,5,False,494,1
90,1,0,0,1,0,0,0,0,0,0,1,28,50.0,59.3,21.0,13.0,1,0.09,0.32,0.41,0.96,9,True,495,1
0,0,0,0,0,0,0,0,0,0,0,0,0,0.0,0.0,0.0,0.0,0,0.0,0.0,0.0,0.0,0,False,496,1
1,0,0,0,0,0,0,0,0,0,0,0,-1,0.0,1.0,7.0,0.7,0,0.19,0.0,0.19,0.06,1,False,497,1
90,0,0,0,1,0,0,0,0,0,0,0,13,13.6,2.9,4.0,2.1,1,0.09,0.03,0.12,1.02,2,False,498,1
77,0,0,0,1,0,0,0,0,0,0,0,12,7.0,15.6,6.0,2.9,1,0.01,0.04,0.05,0.9,2,False,499,1
0,0,0,0,0,0,0,0,0,0,0,0,0,0.0,0.0,0.0,0.0,0,0.0,0.0,0.0,0.0,0,False,500,1
0,0,0,0,0,0,0,0,0,0,0,0,0,0.0,0.0,0.0,0.0,0,0.0,0.0,0.0,0.0,0,False,501,1
0,0,0,0,0,0,0,0,0,0,0,0,0,0.0,0.0,0.0,0.0,0,0.0,0.0,0.0,0.0,0,False,502,1
90,0,0,0,1,0,0,0,0,0,0,0,18,12.6,32.2,22.0,6.7,1,0.03,0.3,0.33,0.96,2,False,503,1
1,0,0,0,0,0,0,0,0,0,0,0,3,1.8,1.1,0.0,0.3,0,0.0,0.0,0.0,0.06,1,False,504,1
90,0,0,0,1,0,0,0,0,0,0,0,2,15.6,7.8,10.0,3.3,1,0.0,0.06,0.06,1.02,2,False,505,1
90,0,0,0,1,0,0,0,0,0,0,0,12,15.0,3.3,0.0,1.8,1,0.0,0.02,0.02,1.02,2,False,506,1
0,0,0,0,0,0,0,0,0,0,0,0,0,0.0,0.0,0.0,0.0,0,0.0,0.0,0.0,0.0,0,False,507,1
90,0,0,0,1,0,0,0,0,0,2,0,16,26.0,0.0,0.0,2.6,1,0.0,0.0,0.0,1.02,2,False,508,1
12,0,0,0,0,0,0,0,0,0,0,0,3,2.2,5.8,4.0,1.2,0,0.0,0.02,0.02,0.12,1,False,509,1
0,0,0,0,0,0,0,0,0,0,0,0,0,0.0,0.0,0.0,0.0,0,0.0,0.0,0.0,0.0,0,False,510,1
0,0,0,0,0,0,0,0,0,0,0,0,0,0.0,0.0,0.0,0.0,0,0.0,0.0,0.0,0.0,0,False,511,1
72,0,0,0,1,0,0,0,0,0,0,0,4,0.0,0.4,11.0,0.8,1,0.15,0.0,0.15,1.76,2,False,512,1
90,0,0,0,2,0,0,0,0,0,1,0,5,10.0,0.0,0.0,1.0,1,0.0,0.0,0.0,2.03,1,False,513,1
72,0,0,0,1,0,0,0,0,0,0,0,3,4.6,16.8,2.0,2.3,1,0.0,0.07,0.07,1.76,2,False,514,1
0,0,0,0,0,0,0,0,0,0,0,0,0,0.0,0.0,0.0,0.0,0,0.0,0.0,0.0,0.0,0,False,515,1
84,0,0,0,2,0,0,0,0,0,0,0,-1,18.0,15.2,0.0,3.3,1,0.0,0.1,0.1,1.96,1,False,516,1
0,0,0,0,0,0,0,0,0,0,0,0,0,0.0,0.0,0.0,0.0,0,0.0,0.0,0.0,0.0,0,False,517,1
90,0,0,0,1,0,0,0,0,0,0,0,12,19.4,43.3,7.0,7.0,1,0.11,0.1,0.21,0.25,2,False,518,1
0,0,0,0,0,0,0,0,0,0,0,0,0,0.0,0.0,0.0,0.0,0,0.0,0.0,0.0,0.0,0,False,519,1
90,0,0,0,2,0,0,0,0,0,0,0,5,6.6,2.5,17.0,2.6,1,0.04,0.02,0.06,2.03,1,False,520,1
0,0,0,0,0,0,0,0,0,0,0,0,0,0.0,0.0,0.0,0.0,0,0.0,0.0,0.0,0.0,0,False,521,1
0,0,0,0,0,0,0,0,0,0,0,0,0,0.0,0.0,0.0,0.0,0,0.0,0.0,0.0,0.0,0,False,522,1
5,0,0,0,0,0,0,0,0,0,0,0,2,3.2,0.3,17.0,2.1,0,0.25,0.0,0.25,0.07,1,False,523,1
90,0,0,0,2,0,0,0,0,0,0,0,9,31.2,11.3,2.0,4.5,1,0.0,0.07,0.07,2.03,1,False,524,1
90,0,0,0,2,0,0,0,0,0,0,0,11,7.6,27.5,22.0,5.7,1,0.08,0.47,0.55,2.03,2,False,525,1
0,0,0,0,0,0,0,0,0,0,0,0,0,0.0,0.0,0.0,0.0,0,0.0,0.0,0.0,0.0,0,False,526,1
73,1,0,0,1,0,0,0,1,0,0,0,21,40.4,17.0,17.0,7.4,1,0.79,0.04,0.83,1.76,6,False,527,1
90,0,0,0,2,0,0,0,0,0,0,0,13,27.8,0.9,2.0,3.1,1,0.02,0.0,0.02,2.03,1,False,528,1
0,0,0,0,0,0,0,0,0,0,0,0,0,0.0,0.0,0.0,0.0,0,0.0,0.0,0.0,0.0,0,False,529,1
90,0,1,0,2,0,0,0,0,0,0,0,8,3.4,20.8,35.0,5.9,1,1.1,0.12,1.22,2.03,5,False,530,1
16,0,0,0,1,0,0,0,0,0,0,0,3,3.4,1.4,0.0,0.5,0,0.0,0.0,0.0,0.27,1,False,531,1
0,0,0,0,0,0,0,0,0,0,0,0,0,0.0,0.0,0.0,0.0,0,0.0,0.0,0.0,0.0,0,False,532,1
83,0,0,0,2,0,0,0,0,0,0,0,6,9.0,3.5,1.0,1.4,1,0.02,0.02,0.04,1.24,1,False,533,1
0,0,0,0,0,0,0,0,0,0,0,0,0,0.0,0.0,0.0,0.0,0,0.0,0.0,0.0,0.0,0,False,534,1
56,0,0,0,1,0,0,0,0,0,0,0,2,0.0,1.3,1.0,0.0,1,0.07,0.0,0.07,0.99,1,False,535,1
0,0,0,0,0,0,0,0,0,0,0,0,0,0.0,0.0,0.0,0.0,0,0.0,0.0,0.0,0.0,0,False,536,1
6,0,0,0,0,0,0,0,0,0,0,0,4,3.0,14.3,2.0,1.9,0,0.0,0.05,0.05,0.0,1,False,537,1
0,0,0,0,0,0,0,0,0,0,0,0,0,0.0,0.0,0.0,0.0,0,0.0,0.0,0.0,0.0,0,False,538,1
0,0,0,0,0,0,0,0,0,0,0,0,0,0.0,0.0,0.0,0.0,0,0.0,0.0,0.0,0.0,0,False,539,1
0,0,0,0,0,0,0,0,0,0,0,0,0,0.0,0.0,0.0,0.0,0,0.0,0.0,0.0,0.0,0,False,540,1
33,0,0,0,1,0,0,0,0,0,0,0,9,13.8,16.2,17.0,4.7,0,0.06,0.02,0.08,0.25,1,False,541,1
6,0,0,0,0,0,0,0,0,0,0,0,2,2.4,0.0,0.0,0.2,0,0.0,0.0,0.0,0.0,1,False,542,1
90,0,0,0,2,0,0,0,0,0,0,0,7,12.2,2.7,9.0,2.4,1,0.08,0.01,0.09,1.24,1,False,543,1
0,0,0,0,0,0,0,0,0,0,0,0,0,0.0,0.0,0.0,0.0,0,0.0,0.0,0.0,0.0,0,False,544,1
0,0,0,0,0,0,0,0,0,0,0,0,0,0.0,0.0,0.0,0.0,0,0.0,0.0,0.0,0.0,0,False,545,1
0,0,0,0,0,0,0,0,0,0,0,0,0,0.0,0.0,0.0,0.0,0,0.0,0.0,0.0,0.0,0,False,546,1
0,0,0,0,0,0,0,0,0,0,0,0,0,0.0,0.0,0.0,0.0,0,0.0,0.0,0.0,0.0,0,False,547,1
0,0,0,0,0,0,0,0,0,0,0,0,0,0.0,0.0,0.0,0.0,0,0.0,0.0,0.0,0.0,0,False,548,1
0,0,0,0,0,0,0,0,0,0,0,0,0,0.0,0.0,0.0,0.0,0,0.0,0.0,0.0,0.0,0,False,549,1
90,0,0,0,2,0,0,0,0,0,0,0,14,6.0,16.3,4.0,2.6,1,0.0,0.11,0.11,1.24,2,False,550,1
0,0,0,0,0,0,0,0,0,0,0,0,0,0.0,0.0,0.0,0.0,0,0.0,0.0,0.0,0.0,0,False,551,1
0,0,0,0,0,0,0,0,0,0,0,0,0,0.0,0.0,0.0,0.0,0,0.0,0.0,0.0,0.0,0,False,552,1
83,0,0,0,2,0,0,0,1,0,0,0,11,8.6,3.2,0.0,1.2,1,0.0,0.02,0.02,1.24,1,False,553,1
90,0,0,0,2,0,0,0,0,0,4,0,10,31.2,0.0,0.0,3.1,1,0.0,0.0,0.0,1.24,2,False,554,1
0,0,0,0,0,0,0,0,0,0,0,0,0,0.0,0.0,0.0,0.0,0,0.0,0.0,0.0,0.0,0,False,555,1
0,0,0,0,0,0,0,0,0,0,0,0,0,0.0,0.0,0.0,0.0,0,0.0,0.0,0.0,0.0,0,False,556,1
90,0,0,0,2,0,0,0,0,0,0,0,16,29.8,1.0,0.0,3.1,1,0.0,0.01,0.01,1.24,2,False,557,1
90,0,0,0,2,0,0,0,0,0,0,0,8,21.8,14.9,0.0,3.7,1,0.0,0.02,0.02,1.24,1,False,558,1
0,0,0,0,0,0,0,0,0,0,0,0,0,0.0,0.0,0.0,0.0,0,0.0,0.0,0.0,0.0,0,False,559,1
32,0,0,0,1,0,0,0,0,0,0,0,6,7.4,26.7,9.0,4.3,0,0.04,0.16,0.2,0.11,1,False,560,1
0,0,0,0,0,0,0,0,0,0,0,0,0,0.0,0.0,0.0,0.0,0,0.0,0.0,0.0,0.0,0,False,561,1
15,0,0,0,0,0,0,0,0,0,0,0,2,0.0,0.2,1.0,0.0,0,0.04,0.0,0.04,0.06,1,False,562,1
74,0,0,0,2,0,0,0,0,0,0,0,6,0.0,6.3,10.0,1.5,1,0.05,0.01,0.06,1.18,2,False,563,1
0,0,0,0,0,0,0,0,0,0,0,0,0,0.0,0.0,0.0,0.0,0,0.0,0.0,0.0,0.0,0,False,564,1
6,0,0,0,0,0,0,0,0,0,0,0,6,7.4,1.3,17.0,2.6,0,0.08,0.01,0.09,0.0,1,False,565,1
83,0,0,0,2,0,0,0,0,0,0,0,2,2.4,1.9,23.0,2.7,1,0.08,0.0,0.08,1.24,2,False,566,1
90,0,0,0,2,0,0,0,1,0,0,0,-6,8.4,1.3,6.0,1.6,1,0.0,0.01,0.01,1.24,0,False,567,1
0,0,0,0,0,0,0,0,0,0,0,0,0,0.0,0.0,0.0,0.0,0,0.0,0.0,0.0,0.0,0,False,568,1
16,0,0,0,0,0,0,0,1,0,0,0,1,0.0,1.5,4.0,0.5,0,0.07,0.01,0.08,1.06,0,False,569,1
90,0,1,0,1,0,0,0,0,0,0,3,37,45.0,32.5,2.0,8.0,1,0.0,0.6,0.6,1.23,8,False,570,1
45,0,0,0,0,0,0,0,0,0,0,0,8,11.6,36.4,4.0,5.2,1,0.0,0.16,0.16,0.3,1,False,571,1
0,0,0,0,0,0,0,0,0,0,0,0,0,0.0,0.0,0.0,0.0,0,0.0,0.0,0.0,0.0,0,False,572,1
0,0,0,0,0,0,0,0,0,0,0,0,0,0.0,0.0,0.0,0.0,0,0.0,0.0,0.0,0.0,0,False,573,1
0,0,0,0,0,0,0,0,0,0,0,0,0,0.0,0.0,0.0,0.0,0,0.0,0.0,0.0,0.0,0,False,574,1
0,0,0,0,0,0,0,0,0,0,0,0,0,0.0,0.0,0.0,0.0,0,0.0,0.0,0.0,0.0,0,False,575,1
0,0,0,0,0,0,0,0,0,0,0,0,0,0.0,0.0,0.0,0.0,0,0.0,0.0,0.0,0.0,0,False,576,1
0,0,0,0,0,0,0,0,0,0,0,0,0,0.0,0.0,0.0,0.0,0,0.0,0.0,0.0,0.0,0,False,577,1
0,0,0,0,0,0,0,0,0,0,0,0,0,0.0,0.0,0.0,0.0,0,0.0,0.0,0.0,0.0,0,False,578,1
0,0,0,0,0,0,0,0,0,0,0,0,0,0.0,0.0,0.0,0.0,0,0.0,0.0,0.0,0.0,0,False,579,1
90,0,0,0,1,0,0,0,0,0,0,0,9,24.8,0.4,0.0,2.5,1,0.0,0.01,0.01,1.3,2,False,580,1
0,0,0,0,0,0,0,0,0,0,0,0,0,0.0,0.0,0.0,0.0,0,0.0,0.0,0.0,0.0,0,False,581,1
0,0,0,0,0,0,0,0,0,0,0,0,0,0.0,0.0,0.0,0.0,0,0.0,0.0,0.0,0.0,0,False,582,1
0,0,0,0,0,0,0,0,0,0,0,0,0,0.0,0.0,0.0,0.0,0,0.0,0.0,0.0,0.0,0,False,583,1
70,0,0,0,1,0,0,0,1,0,0,0,-2,2.6,14.0,16.0,3.3,1,0.3,0.02,0.32,0.25,1,False,584,1
6,0,0,0,0,0,0,0,0,0,0,0,3,0.2,0.3,0.0,0.1,0,0.0,0.0,0.0,0.0,1,False,585,1
0,0,0,0,0,0,0,0,0,0,0,0,0,0.0,0.0,0.0,0.0,0,0.0,0.0,0.0,0.0,0,False,586,1
17,0,0,0,1,0,0,0,0,0,0,0,9,8.2,29.4,6.0,4.4,0,0.0,0.17,0.17,0.27,1,False,587,1
84,0,0,0,2,0,0,0,0,0,0,0,15,5.6,1.9,1.0,0.9,1,0.02,0.03,0.05,1.96,2,False,588,1
17,0,0,0,1,0,0,0,0,0,0,0,2,1.2,0.4,0.0,0.2,0,0.0,0.0,0.0,0.27,1,False,589,1
0,0,0,0,0,0,0,0,0,0,0,0,0,0.0,0.0,0.0,0.0,0,0.0,0.0,0.0,0.0,0,False,590,1
5,0,0,0,0,0,0,0,0,0,0,0,2,3.0,0.0,0.0,0.3,0,0.0,0.0,0.0,0.07,1,False,591,1
27,0,0,0,0,0,0,0,0,0,0,0,4,4.2,1.3,0.0,0.6,0,0.0,0.01,0.01,0.28,1,False,592,1
9,0,0,0,0,0,0,0,0,0,0,0,3,0.2,0.0,0.0,0.0,0,0.0,0.0,0.0,0.06,1,False,593,1
80,0,0,1,0,0,0,0,0,0,0,2,32,14.0,2.4,0.0,1.6,1,0.0,0.01,0.01,0.38,8,True,594,1
0,0,0,0,0,0,0,0,0,0,0,0,0,0.0,0.0,0.0,0.0,0,0.0,0.0,0.0,0.0,0,False,595,1
0,0,0,0,0,0,0,0,0,0,0,0,0,0.0,0.0,0.0,0.0,0,0.0,0.0,0.0,0.0,0,False,596,1
0,0,0,0,0,0,0,0,0,0,0,0,0,0.0,0.0,0.0,0.0,0,0.0,0.0,0.0,0.0,0,False,597,1
0,0,0,0,0,0,0,0,0,0,0,0,0,0.0,0.0,0.0,0.0,0,0.0,0.0,0.0,0.0,0,False,598,1
0,0,0,0,0,0,0,0,0,0,0,0,0,0.0,0.0,0.0,0.0,0,0.0,0.0,0.0,0.0,0,False,599,1
1,0,0,0,0,0,0,0,0,0,0,0,0,0.0,0.1,0.0,0.0,0,0.0,0.0,0.0,0.0,1,False,600,1
0,0,0,0,0,0,0,0,0,0,0,0,0,0.0,0.0,0.0,0.0,0,0.0,0.0,0.0,0.0,0,False,601,1
0,0,0,0,0,0,0,0,0,0,0,0,0,0.0,0.0,0.0,0.0,0,0.0,0.0,0.0,0.0,0,False,602,1
0,0,0,0,0,0,0,0,0,0,0,0,0,0.0,0.0,0.0,0.0,0,0.0,0.0,0.0,0.0,0,False,603,1
0,0,0,0,0,0,0,0,0,0,0,0,0,0.0,0.0,0.0,0.0,0,0.0,0.0,0.0,0.0,0,False,604,1
0,0,0,0,0,0,0,0,0,0,0,0,0,0.0,0.0,0.0,0.0,0,0.0,0.0,0.0,0.0,0,False,605,1
0,0,0,0,0,0,0,0,0,0,0,0,0,0.0,0.0,0.0,0.0,0,0.0,0.0,0.0,0.0,0,False,606,1
0,0,0,0,0,0,0,0,0,0,0,0,0,0.0,0.0,0.0,0.0,0,0.0,0.0,0.0,0.0,0,False,607,1
20,0,0,0,0,0,0,0,0,0,0,0,6,2.8,12.3,0.0,1.5,0,0.0,0.02,0.02,0.0,1,False,608,1
0,0,0,0,0,0,0,0,0,0,0,0,0,0.0,0.0,0.0,0.0,0,0.0,0.0,0.0,0.0,0,False,609,1
0,0,0,0,0,0,0,0,0,0,0,0,0,0.0,0.0,0.0,0.0,0,0.0,0.0,0.0,0.0,0,False,610,1
16,0,0,0,0,0,0,0,0,0,0,0,2,3.4,10.3,0.0,1.4,0,0.0,0.02,0.02,0.58,1,False,611,1
0,0,0,0,0,0,0,0,0,0,0,0,0,0.0,0.0,0.0,0.0,0,0.0,0.0,0.0,0.0,0,False,612,1
0,0,0,0,0,0,0,0,0,0,0,0,0,0.0,0.0,0.0,0.0,0,0.0,0.0,0.0,0.0,0,False,613,1
19,0,0,0,0,0,0,0,0,0,0,0,4,1.0,0.1,22.0,2.3,0,0.19,0.0,0.19,0.0,1,False,27,1
0,0,0,0,0,0,0,0,0,0,0,0,0,0.0,0.0,0.0,0.0,0,0.0,0.0,0.0,0.0,0,False,614,1
0,0,0,0,0,0,0,0,0,0,0,0,0,0.0,0.0,0.0,0.0,0,0.0,0.0,0.0,0.0,0,False,615,1
0,0,0,0,0,0,0,0,0,0,0,0,0,0.0,0.0,0.0,0.0,0,0.0,0.0,0.0,0.0,0,False,616,1
0,0,0,0,0,0,0,0,0,0,0,0,0,0.0,0.0,0.0,0.0,0,0.0,0.0,0.0,0.0,0,False,1,2
0,0,0,0,0,0,0,0,0,0,0,0,0,0.0,0.0,0.0,0.0,0,0.0,0.0,0.0,0.0,0,False,2,2
90,0,0,1,0,0,0,0,1,0,0,1,25,21.4,1.9,0.0,2.3,1,0.0,0.02,0.02,1.28,6,False,3,2
90,0,0,1,0,0,0,0,0,0,0,0,-2,0.0,6.1,15.0,2.0,1,0.21,0.03,0.24,1.28,2,False,4,2
0,0,0,0,0,0,0,0,0,0,0,0,0,0.0,0.0,0.0,0.0,0,0.0,0.0,0.0,0.0,0,False,5,2
78,0,0,1,0,0,0,0,0,0,0,0,24,3.4,4.7,2.0,1.0,1,0.0,0.01,0.01,1.12,6,False,6,2
0,0,0,0,0,0,0,0,0,0,0,0,0,0.0,0.0,0.0,0.0,0,0.0,0.0,0.0,0.0,0,False,7,2
0,0,0,0,0,0,0,0,0,0,0,0,0,0.0,0.0,0.0,0.0,0,0.0,0.0,0.0,0.0,0,False,8,2
64,0,0,1,0,0,0,0,0,0,0,0,9,6.4,26.3,10.0,4.3,1,0.0,0.41,0.41,1.12,3,False,9,2
2,0,0,0,0,0,0,0,0,0,0,0,3,2.0,0.0,0.0,0.2,0,0.0,0.0,0.0,0.02,1,False,10,2
0,0,0,0,0,0,0,0,0,0,0,0,0,0.0,0.0,0.0,0.0,0,0.0,0.0,0.0,0.0,0,False,11,2
0,0,0,0,0,0,0,0,0,0,0,0,0,0.0,0.0,0.0,0.0,0,0.0,0.0,0.0,0.0,0,False,12,2
90,0,0,1,0,0,0,0,1,0,0,0,4,9.4,34.2,20.0,6.4,1,0.26,0.6,0.86,1.28,2,False,13,2
0,0,0,0,0,0,0,0,0,0,0,0,0,0.0,0.0,0.0,0.0,0,0.0,0.0,0.0,0.0,0,False,14,2
90,0,0,1,0,0,0,0,0,0,3,3,27,28.2,0.0,0.0,2.8,1,0.0,0.0,0.0,1.28,10,True,15,2
90,0,0,1,0,0,0,0,1,0,0,0,18,18.8,12.3,21.0,5.2,1,0.07,0.11,0.18,1.28,2,False,16,2
87,0,1,1,0,0,0,0,0,0,0,0,21,27.8,27.4,27.0,8.2,1,0.05,0.1,0.15,1.25,6,False,17,2
90,0,0,1,0,0,0,0,0,0,0,0,24,23.8,1.2,0.0,2.5,1,0.0,0.01,0.01,1.28,6,False,18,2
68,1,0,0,1,0,0,0,0,0,0,3,32,35.8,7.2,27.0,7.0,1,0.53,0.03,0.56,0.34,10,False,19,2
90,1,0,1,0,0,0,0,0,0,0,3,27,39.4,7.5,8.0,5.5,1,0.1,0.08,0.18,1.28,11,False,20,2
0,0,0,0,0,0,0,0,0,0,0,0,0,0.0,0.0,0.0,0.0,0,0.0,0.0,0.0,0.0,0,False,21,2
0,0,0,0,0,0,0,0,0,0,0,0,0,0.0,0.0,0.0,0.0,0,0.0,0.0,0.0,0.0,0,False,22,2
25,1,0,0,0,0,0,0,0,0,0,1,25,33.6,0.5,26.0,6.0,0,0.18,0.02,0.2,0.16,7,False,23,2
90,0,0,1,0,0,0,0,0,0,0,0,23,9.2,6.8,4.0,2.0,1,0.0,0.02,0.02,1.28,6,False,24,2
0,0,0,0,0,0,0,0,0,0,0,0,0,0.0,0.0,0.0,0.0,0,0.0,0.0,0.0,0.0,0,False,25,2
0,0,0,0,0,0,0,0,0,0,0,0,0,0.0,0.0,0.0,0.0,0,0.0,0.0,0.0,0.0,0,False,26,2
18,0,0,0,0,0,0,0,0,0,0,0,3,0.2,0.5,0.0,0.1,0,0.0,0.02,0.02,0.31,1,False,27,2
90,0,0,0,2,0,0,0,0,0,0,0,10,14.6,14.5,17.0,4.6,1,0.04,0.02,0.06,0.87,2,False,28,2
14,0,0,0,1,0,0,0,0,0,0,0,2,0.0,1.6,1.0,0.2,0,0.02,0.01,0.03,0.38,1,False,29,2
0,0,0,0,0,0,0,0,0,0,0,0,0,0.0,0.0,0.0,0.0,0,0.0,0.0,0.0,0.0,0,False,30,2
0,0,0,0,0,0,0,0,0,0,0,0,0,0.0,0.0,0.0,0.0,0,0.0,0.0,0.0,0.0,0,False,31,2
15,0,0,0,0,0,0,0,0,0,0,0,3,0.6,0.0,2.0,0.3,1,0.0,0.0,0.0,0.12,1,False,32,2
0,0,0,0,0,0,0,0,0,0,0,0,0,0.0,0.0,0.0,0.0,0,0.0,0.0,0.0,0.0,0,False,33,2
0,0,0,0,0,0,0,0,0,0,0,0,0,0.0,0.0,0.0,0.0,0,0.0,0.0,0.0,0.0,0,False,34,2
0,0,0,0,0,0,0,0,0,0,0,0,0,0.0,0.0,0.0,0.0,0,0.0,0.0,0.0,0.0,0,False,35,2
75,0,0,0,1,0,0,0,0,0,0,0,8,18.6,1.8,0.0,2.0,1,0.0,0.03,0.03,0.49,2,False,36,2
0,0,0,0,0,0,0,0,0,0,0,0,0,0.0,0.0,0.0,0.0,0,0.0,0.0,0.0,0.0,0,False,37,2
25,0,0,0,2,0,0,0,0,0,0,0,1,2.6,3.4,7.0,1.3,0,0.1,0.14,0.24,0.51,1,False,38,2
0,0,0,0,0,0,0,0,0,0,0,0,0,0.0,0.0,0.0,0.0,0,0.0,0.0,0.0,0.0,0,False,39,2
0,0,0,0,0,0,0,0,0,0,0,0,0,0.0,0.0,0.0,0.0,0,0.0,0.0,0.0,0.0,0,False,40,2
0,0,0,0,0,0,0,0,0,0,0,0,0,0.0,0.0,0.0,0.0,0,0.0,0.0,0.0,0.0,0,False,41,2
0,0,0,0,0,0,0,0,0,0,0,0,0,0.0,0.0,0.0,0.0,0,0.0,0.0,0.0,0.0,0,False,42,2
0,0,0,0,0,0,0,0,0,0,0,0,0,0.0,0.0,0.0,0.0,0,0.0,0.0,0.0,0.0,0,False,43,2
90,0,0,0,2,0,0,0,0,0,0,0,7,11.2,1.0,2.0,1.4,1,0.0,0.01,0.01,0.87,1,False,44,2
14,0,0,0,1,0,0,0,0,0,0,0,0,4.4,15.1,0.0,2.0,0,0.0,0.09,0.09,0.38,1,False,45,2
0,0,0,0,0,0,0,0,0,0,0,0,0,0.0,0.0,0.0,0.0,0,0.0,0.0,0.0,0.0,0,False,46,2
90,0,0,0,2,0,0,0,0,0,2,0,10,18.4,0.0,0.0,1.8,1,0.0,0.0,0.0,0.87,1,False,47,2
64,0,0,1,0,0,0,0,0,0,0,0,10,0.6,2.0,0.0,0.3,1,0.0,0.01,0.01,0.36,3,False,48,2
0,0,0,0,0,0,0,0,0,0,0,0,0,0.0,0.0,0.0,0.0,0,0.0,0.0,0.0,0.0,0,False,49,2
74,0,0,0,2,0,0,0,0,0,0,0,1,15.6,5.2,0.0,2.1,0,0.0,0.01,0.01,0.75,1,False,50,2
0,0,0,0,0,0,0,0,0,0,0,0,0,0.0,0.0,0.0,0.0,0,0.0,0.0,0.0,0.0,0,False,51,2
90,0,0,0,2,0,0,0,0,0,0,0,3,8.4,1.0,0.0,0.9,1,0.0,0.01,0.01,0.87,1,False,52,2
25,0,0,0,2,0,0,0,0,0,0,0,7,7.2,11.4,23.0,4.2,0,0.03,0.01,0.04,0.51,1,False,53,2
90,0,0,0,2,0,0,0,0,0,0,0,16,14.4,23.4,15.0,5.3,1,0.11,0.07,0.18,0.87,2,False,54,2
0,0,0,0,0,0,0,0,0,0,0,0,0,0.0,0.0,0.0,0.0,0,0.0,0.0,0.0,0.0,0,False,55,2
0,0,0,0,0,0,0,0,0,0,0,0,0,0.0,0.0,0.0,0.0,0,0.0,0.0,0.0,0.0,0,False,56,2
90,0,0,0,2,0,0,0,0,0,0,0,8,21.0,25.1,0.0,4.6,1,0.0,0.04,0.04,0.87,2,False,57,2
64,0,0,1,0,0,0,0,0,0,0,0,-1,3.2,21.3,23.0,4.8,1,0.87,0.0,0.87,0.36,2,False,58,2
0,0,0,0,0,0,0,0,0,0,0,0,0,0.0,0.0,0.0,0.0,0,0.0,0.0,0.0,0.0,0,False,59,2
0,0,0,0,0,0,0,0,0,0,0,0,0,0.0,0.0,0.0,0.0,0,0.0,0.0,0.0,0.0,0,False,60,2
0,0,0,0,0,0,0,0,0,0,0,0,0,0.0,0.0,0.0,0.0,0,0.0,0.0,0.0,0.0,0,False,61,2
0,0,0,0,0,0,0,0,0,0,0,0,0,0.0,0.0,0.0,0.0,0,0.0,0.0,0.0,0.0,0,False,62,2
63,0,0,1,0,0,0,0,1,0,0,0,7,8.4,32.3,2.0,4.3,1,0.0,0.03,0.03,0.25,2,False,63,2
90,0,0,0,1,0,0,0,0,0,0,0,14,17.2,22.1,0.0,3.9,1,0.0,0.3,0.3,1.61,2,False,64,2
0,0,0,0,0,0,0,0,0,0,0,0,0,0.0,0.0,0.0,0.0,0,0.0,0.0,0.0,0.0,0,False,65,2
0,0,0,0,0,0,0,0,0,0,0,0,0,0.0,0.0,0.0,0.0,0,0.0,0.0,0.0,0.0,0,False,66,2
0,0,0,0,0,0,0,0,0,0,0,0,0,0.0,0.0,0.0,0.0,0,0.0,0.0,0.0,0.0,0,False,67,2
0,0,0,0,0,0,0,0,0,0,0,0,0,0.0,0.0,0.0,0.0,0,0.0,0.0,0.0,0.0,0,False,68,2
5,0,0,0,0,0,0,0,0,0,0,0,3,0.0,0.0,0.0,0.0,0,0.0,0.0,0.0,0.06,1,False,69,2
90,0,0,0,1,0,0,0,0,0,0,0,4,14.8,2.9,2.0,2.0,1,0.0,0.01,0.01,1.61,2,False,70,2
71,0,0,1,0,0,0,0,0,0,0,0,2,1.8,25.9,11.0,3.9,1,0.04,0.13,0.17,0.59,3,False,71,2
0,0,0,0,0,0,0,0,0,0,0,0,0,0.0,0.0,0.0,0.0,0,0.0,0.0,0.0,0.0,0,False,72,2
90,0,0,0,1,0,0,0,0,0,4,0,13,30.8,0.0,0.0,3.1,1,0.0,0.0,0.0,1.61,3,False,73,2
18,0,0,0,1,0,0,0,0,0,0,0,6,5.4,0.3,7.0,1.3,0,0.26,0.0,0.26,1.03,1,False,74,2
0,0,0,0,0,0,0,0,0,0,0,0,0,0.0,0.0,0.0,0.0,0,0.0,0.0,0.0,0.0,0,False,75,2
0,0,0,0,0,0,0,0,0,0,0,0,0,0.0,0.0,0.0,0.0,0,0.0,0.0,0.0,0.0,0,False,76,2
26,0,0,0,1,0,0,0,0,0,0,0,3,3.4,0.3,1.0,0.5,0,0.02,0.01,0.03,1.36,1,False,77,2
90,0,1,0,1,0,0,0,0,0,0,0,20,26.0,33.9,38.0,9.8,1,0.27,1.23,1.5,1.61,5,False,78,2
90,0,0,0,1,0,0,0,1,0,0,0,11,29.4,5.3,2.0,3.7,1,0.0,0.03,0.03,1.61,1,False,79,2
18,0,0,0,1,0,0,0,0,0,0,0,7,10.0,10.8,19.0,4.0,0,0.04,0.05,0.09,1.03,1,False,80,2
4,0,0,0,0,0,0,0,0,0,0,0,3,2.0,0.0,0.0,0.2,0,0.0,0.0,0.0,0.06,1,False,81,2
0,0,0,0,0,0,0,0,0,0,0,0,0,0.0,0.0,0.0,0.0,0,0.0,0.0,0.0,0.0,0,False,82,2
84,1,0,0,1,0,0,0,0,0,0,2,32,46.4,48.8,35.0,13.0,1,0.84,0.04,0.88,1.56,9,False,83,2
0,0,0,0,0,0,0,0,0,0,0,0,0,0.0,0.0,0.0,0.0,0,0.0,0.0,0.0,0.0,0,False,84,2
90,0,0,0,1,0,0,0,0,0,0,0,13,16.6,0.6,0.0,1.7,1,0.0,0.01,0.01,1.61,2,False,85,2
90,0,0,0,2,0,0,0,0,0,0,0,-2,11.8,11.6,2.0,2.5,1,0.0,0.01,0.01,2.65,1,False,86,2
0,0,0,0,0,0,0,0,0,0,0,0,0,0.0,0.0,0.0,0.0,0,0.0,0.0,0.0,0.0,0,False,87,2
90,0,0,0,2,0,0,0,0,0,0,0,10,42.6,0.6,40.0,8.3,1,0.15,0.0,0.15,2.65,1,False,88,2
24,0,0,0,1,0,0,0,0,0,0,0,5,2.0,0.6,0.0,0.3,0,0.0,0.0,0.0,0.67,1,False,89,2
0,0,0,0,0,0,0,0,0,0,0,0,0,0.0,0.0,0.0,0.0,0,0.0,0.0,0.0,0.0,0,False,90,2
90,0,0,0,2,0,0,0,0,0,6,0,16,54.8,0.0,0.0,5.5,1,0.0,0.0,0.0,2.65,3,False,91,2
0,0,0,0,0,0,0,0,0,0,0,0,0,0.0,0.0,0.0,0.0,0,0.0,0.0,0.0,0.0,0,False,92,2
0,0,0,0,0,0,0,0,0,0,0,0,0,0.0,0.0,0.0,0.0,0,0.0,0.0,0.0,0.0,0,False,93,2
72,0,0,0,2,0,0,0,0,0,0,0,10,4.2,1.3,2.0,0.8,1,0.0,0.01,0.01,2.52,2,False,94,2
65,0,0,0,1,0,0,0,1,0,0,0,4,3.8,32.8,1.0,3.8,1,0.02,0.13,0.15,1.99,1,False,95,2
0,0,0,0,0,0,0,0,0,0,0,0,0,0.0,0.0,0.0,0.0,0,0.0,0.0,0.0,0.0,0,False,96,2
0,0,0,0,0,0,0,0,0,0,0,0,0,0.0,0.0,0.0,0.0,0,0.0,0.0,0.0,0.0,0,False,97,2
65,0,0,0,1,0,0,0,0,0,0,0,10,7.8,11.6,9.0,2.8,1,0.06,0.02,0.08,1.99,2,False,98,2
90,0,0,0,2,0,0,0,1,0,0,0,6,5.4,17.7,7.0,3.0,1,0.03,0.12,0.15,2.65,1,False,99,2
0,0,0,0,0,0,0,0,0,0,0,0,0,0.0,0.0,0.0,0.0,0,0.0,0.0,0.0,0.0,0,False,100,2
90,0,0,0,2,0,0,0,1,0,0,0,7,7.2,4.1,4.0,1.5,1,0.1,0.02,0.12,2.65,1,False,101,2
17,0,0,0,0,0,0,0,0,0,0,0,1,0.0,0.5,0.0,0.0,0,0.0,0.02,0.02,0.13,1,False,102,2
0,0,0,0,0,0,0,0,0,0,0,0,0,0.0,0.0,0.0,0.0,0,0.0,0.0,0.0,0.0,0,False,103,2
90,0,0,0,2,0,0,0,0,0,0,0,7,15.4,0.2,0.0,1.6,1,0.0,0.0,0.0,2.65,1,False,104,2
90,0,0,0,2,0,0,0,0,0,0,0,-1,5.4,1.4,3.0,1.0,1,0.01,0.0,0.01,2.65,1,False,105,2
17,0,0,0,0,0,0,0,0,0,0,0,3,0.0,0.5,0.0,0.1,0,0.0,0.0,0.0,0.13,1,False,106,2
0,0,0,0,0,0,0,0,0,0,0,0,0,0.0,0.0,0.0,0.0,0,0.0,0.0,0.0,0.0,0,False,107,2
0,0,0,0,0,0,0,0,0,0,0,0,0,0.0,0.0,0.0,0.0,0,0.0,0.0,0.0,0.0,0,False,108,2
0,0,0,0,0,0,0,0,0,0,0,0,0,0.0,0.0,0.0,0.0,0,0.0,0.0,0.0,0.0,0,False,109,2
72,0,0,0,2,0,0,0,0,0,0,0,7,5.0,0.8,2.0,0.8,1,0.0,0.01,0.01,2.52,2,False,110,2
0,0,0,0,0,0,0,0,0,0,0,0,0,0.0,0.0,0.0,0.0,0,0.0,0.0,0.0,0.0,0,False,111,2
0,0,0,0,0,0,0,0,0,0,0,0,0,0.0,0.0,0.0,0.0,0,0.0,0.0,0.0,0.0,0,False,112,2
1,0,1,0,0,0,0,0,0,0,0,0,14,15.2,10.8,9.0,3.5,0,0.09,0.56,0.65,0.1,4,False,113,2
0,0,0,0,0,0,0,0,0,0,0,0,0,0.0,0.0,0.0,0.0,0,0.0,0.0,0.0,0.0,0,False,114,2
17,0,0,0,0,0,0,0,0,0,0,0,8,3.6,0.9,0.0,0.5,0,0.0,0.0,0.0,0.1,1,False,115,2
0,0,0,0,0,0,0,0,0,0,0,0,0,0.0,0.0,0.0,0.0,0,0.0,0.0,0.0,0.0,0,False,116,2
70,0,1,0,2,0,0,0,0,0,0,0,19,25.8,38.5,2.0,6.6,1,0.0,0.19,0.19,1.74,5,False,117,2
0,0,0,0,0,0,0,0,0,0,0,0,0,0.0,0.0,0.0,0.0,0,0.0,0.0,0.0,0.0,0,False,118,2
0,0,0,0,0,0,0,0,0,0,0,0,0,0.0,0.0,0.0,0.0,0,0.0,0.0,0.0,0.0,0,False,119,2
90,0,0,0,1,0,0,0,0,0,0,0,11,16.2,11.1,0.0,2.7,1,0.0,0.01,0.01,1.43,2,False,120,2
11,0,0,0,0,0,0,0,0,0,0,0,2,0.0,4.4,3.0,0.6,0,0.03,0.0,0.03,0.1,1,False,121,2
0,0,0,0,0,0,0,0,0,0,0,0,0,0.0,0.0,0.0,0.0,0,0.0,0.0,0.0,0.0,0,False,122,2
0,0,0,0,0,0,0,0,0,0,0,0,0,0.0,0.0,0.0,0.0,0,0.0,0.0,0.0,0.0,0,False,123,2
89,0,0,0,1,0,0,0,0,0,0,0,17,11.0,4.3,2.0,1.7,1,0.08,0.04,0.12,1.32,2,False,124,2
0,0,0,0,0,0,0,0,0,0,0,0,0,0.0,0.0,0.0,0.0,0,0.0,0.0,0.0,0.0,0,False,125,2
90,0,0,0,1,0,0,0,0,0,0,0,13,5.0,12.8,4.0,2.2,1,0.0,0.19,0.19,1.43,2,False,126,2
0,0,0,0,0,0,0,0,0,0,0,0,0,0.0,0.0,0.0,0.0,0,0.0,0.0,0.0,0.0,0,False,127,2
0,0,0,0,0,0,0,0,0,0,0,0,0,0.0,0.0,0.0,0.0,0,0.0,0.0,0.0,0.0,0,False,128,2
90,1,0,0,1,0,0,0,0,0,0,2,36,45.6,16.4,53.0,11.5,1,0.53,0.12,0.65,1.43,8,False,129,2
0,0,0,0,0,0,0,0,0,0,0,0,0,0.0,0.0,0.0,0.0,0,0.0,0.0,0.0,0.0,0,False,130,2
0,0,0,0,0,0,0,0,0,0,0,0,0,0.0,0.0,0.0,0.0,0,0.0,0.0,0.0,0.0,0,False,131,2
0,0,0,0,0,0,0,0,0,0,0,0,0,0.0,0.0,0.0,0.0,0,0.0,0.0,0.0,0.0,0,False,132,2
0,0,0,0,0,0,0,0,0,0,0,0,0,0.0,0.0,0.0,0.0,0,0.0,0.0,0.0,0.0,0,False,133,2
72,0,0,0,1,0,0,0,0,0,0,0,12,6.2,22.4,8.0,3.7,1,0.16,0.04,0.2,1.32,2,False,134,2
89,0,0,0,1,0,0,0,0,0,0,0,4,8.8,29.3,29.0,6.7,1,0.08,0.24,0.32,1.32,2,False,135,2
89,0,1,0,1,0,0,0,0,0,0,1,20,16.6,13.5,6.0,3.6,1,0.0,0.58,0.58,1.32,6,False,136,2
0,0,0,0,0,0,0,0,0,0,0,0,0,0.0,0.0,0.0,0.0,0,0.0,0.0,0.0,0.0,0,False,137,2
0,0,0,0,0,0,0,0,0,0,0,0,0,0.0,0.0,0.0,0.0,0,0.0,0.0,0.0,0.0,0,False,138,2
0,0,0,0,0,0,0,0,0,0,0,0,0,0.0,0.0,0.0,0.0,0,0.0,0.0,0.0,0.0,0,False,139,2
0,0,0,0,0,0,0,0,0,0,0,0,0,0.0,0.0,0.0,0.0,0,0.0,0.0,0.0,0.0,0,False,140,2
0,0,0,0,0,0,0,0,0,0,0,0,0,0.0,0.0,0.0,0.0,0,0.0,0.0,0.0,0.0,0,False,141,2
90,0,0,0,1,0,0,0,0,0,2,0,15,21.8,0.0,0.0,2.2,1,0.0,0.0,0.0,1.43,2,False,142,2
0,0,0,0,0,0,0,0,0,0,0,0,0,0.0,0.0,0.0,0.0,0,0.0,0.0,0.0,0.0,0,False,143,2
90,0,0,0,1,0,0,0,1,0,0,0,7,20.8,1.0,4.0,2.6,1,0.0,0.02,0.02,1.43,1,False,144,2
90,0,0,0,1,0,0,0,0,0,0,0,16,16.6,25.9,2.0,4.5,1,0.0,0.45,0.45,1.43,2,False,145,2
0,0,0,0,0,0,0,0,0,0,0,0,0,0.0,0.0,0.0,0.0,0,0.0,0.0,0.0,0.0,0,False,146,2
0,0,0,0,0,0,0,0,0,0,0,0,0,0.0,0.0,0.0,0.0,0,0.0,0.0,0.0,0.0,0,False,147,2
78,1,0,0,1,0,0,0,0,0,0,3,38,40.8,23.7,59.0,12.4,1,1.11,0.02,1.13,1.32,9,False,148,2
0,0,0,0,0,0,0,0,0,0,0,0,0,0.0,0.0,0.0,0.0,0,0.0,0.0,0.0,0.0,0,False,149,2
0,0,0,0,0,0,0,0,0,0,0,0,0,0.0,0.0,0.0,0.0,0,0.0,0.0,0.0,0.0,0,False,150,2
0,0,0,0,0,0,0,0,0,0,0,0,0,0.0,0.0,0.0,0.0,0,0.0,0.0,0.0,0.0,0,False,151,2
0,0,0,0,0,0,0,0,0,0,0,0,0,0.0,0.0,0.0,0.0,0,0.0,0.0,0.0,0.0,0,False,152,2
0,0,0,0,0,0,0,0,0,0,0,0,0,0.0,0.0,0.0,0.0,0,0.0,0.0,0.0,0.0,0,False,153,2
0,0,0,0,0,0,0,0,0,0,0,0,0,0.0,0.0,0.0,0.0,0,0.0,0.0,0.0,0.0,0,False,154,2
0,0,0,0,0,0,0,0,0,0,0,0,0,0.0,0.0,0.0,0.0,0,0.0,0.0,0.0,0.0,0,False,155,2
0,0,0,0,0,0,0,0,0,0,0,0,0,0.0,0.0,0.0,0.0,0,0.0,0.0,0.0,0.0,0,False,156,2
75,0,0,0,2,0,0,0,0,0,0,0,8,8.8,3.9,0.0,1.3,1,0.0,0.02,0.02,1.8,2,False,157,2
0,0,0,0,0,0,0,0,0,0,0,0,0,0.0,0.0,0.0,0.0,0,0.0,0.0,0.0,0.0,0,False,158,2
0,0,0,0,0,0,0,0,0,0,0,0,0,0.0,0.0,0.0,0.0,0,0.0,0.0,0.0,0.0,0,False,159,2
0,0,0,0,0,0,0,0,0,0,0,0,0,0.0,0.0,0.0,0.0,0,0.0,0.0,0.0,0.0,0,False,160,2
0,0,0,0,0,0,0,0,0,0,0,0,0,0.0,0.0,0.0,0.0,0,0.0,0.0,0.0,0.0,0,False,161,2
90,0,0,0,2,0,0,0,0,0,0,0,10,21.2,0.4,0.0,2.2,1,0.0,0.0,0.0,1.92,1,False,162,2
82,0,0,0,2,0,0,0,1,0,0,0,7,9.2,5.2,0.0,1.4,1,0.0,0.18,0.18,1.8,0,False,163,2
0,0,0,0,0,0,0,0,0,0,0,0,0,0.0,0.0,0.0,0.0,0,0.0,0.0,0.0,0.0,0,False,164,2
0,0,0,0,0,0,0,0,0,0,0,0,0,0.0,0.0,0.0,0.0,0,0.0,0.0,0.0,0.0,0,False,165,2
14,0,0,0,0,0,0,0,0,0,0,0,1,0.0,0.2,0.0,0.0,0,0.0,0.0,0.0,0.12,1,False,166,2
0,0,0,0,0,0,0,0,0,0,0,0,0,0.0,0.0,0.0,0.0,0,0.0,0.0,0.0,0.0,0,False,167,2
90,0,0,0,2,0,0,0,0,0,0,0,15,20.8,25.4,4.0,5.0,1,0.0,0.04,0.04,1.92,2,False,168,2
0,0,0,0,0,0,0,0,0,0,0,0,0,0.0,0.0,0.0,0.0,0,0.0,0.0,0.0,0.0,0,False,169,2
0,0,0,0,0,0,0,0,0,0,0,0,0,0.0,0.0,0.0,0.0,0,0.0,0.0,0.0,0.0,0,False,170,2
90,0,0,0,2,0,0,0,1,0,0,0,6,16.4,16.4,2.0,3.5,1,0.0,0.03,0.03,1.92,0,False,171,2
0,0,0,0,0,0,0,0,0,0,0,0,0,0.0,0.0,0.0,0.0,0,0.0,0.0,0.0,0.0,0,False,172,2
0,0,0,0,0,0,0,0,0,0,0,0,0,0.0,0.0,0.0,0.0,0,0.0,0.0,0.0,0.0,0,False,173,2
0,0,0,0,0,0,0,0,0,0,0,0,0,0.0,0.0,0.0,0.0,0,0.0,0.0,0.0,0.0,0,False,174,2
0,0,0,0,0,0,0,0,0,0,0,0,0,0.0,0.0,0.0,0.0,0,0.0,0.0,0.0,0.0,0,False,175,2
0,0,0,0,0,0,0,0,0,0,0,0,0,0.0,0.0,0.0,0.0,0,0.0,0.0,0.0,0.0,0,False,176,2
90,3,0,0,2,0,0,0,0,0,0,3,76,110.6,15.4,88.0,21.4,1,0.54,0.11,0.65,1.92,20,True,177,2
0,0,0,0,0,0,0,0,0,0,0,0,0,0.0,0.0,0.0,0.0,0,0.0,0.0,0.0,0.0,0,False,178,2
45,0,0,0,2,0,0,0,0,0,0,0,1,0.0,1.1,0.0,0.0,1,0.0,0.01,0.01,1.75,1,False,179,2
67,1,1,0,2,0,0,0,0,0,0,1,39,52.2,24.0,39.0,11.5,1,0.17,0.01,0.18,1.8,10,True,180,2
7,0,0,0,0,0,0,0,0,0,0,0,6,4.0,10.3,0.0,1.4,0,0.0,0.02,0.02,0.12,1,False,181,2
82,1,3,0,2,0,0,0,1,0,0,2,61,82.8,43.8,21.0,14.8,1,0.67,0.15,0.82,1.8,17,True,182,2
0,0,0,0,0,0,0,0,0,0,0,0,0,0.0,0.0,0.0,0.0,0,0.0,0.0,0.0,0.0,0,False,183,2
7,0,0,0,0,0,0,0,0,0,0,0,4,3.4,0.4,0.0,0.4,0,0.0,0.0,0.0,0.12,1,False,184,2
90,0,0,0,2,0,0,0,0,0,2,0,8,15.0,0.0,0.0,1.5,1,0.0,0.0,0.0,1.92,1,False,185,2
0,0,0,0,0,0,0,0,0,0,0,0,0,0.0,0.0,0.0,0.0,0,0.0,0.0,0.0,0.0,0,False,186,2
0,0,0,0,0,0,0,0,0,0,0,0,0,0.0,0.0,0.0,0.0,0,0.0,0.0,0.0,0.0,0,False,187,2
0,0,0,0,0,0,0,0,0,0,0,0,0,0.0,0.0,0.0,0.0,0,0.0,0.0,0.0,0.0,0,False,188,2
90,0,0,0,2,0,0,0,0,0,0,0,2,4.2,0.3,0.0,0.5,1,0.0,0.0,0.0,1.92,1,False,189,2
0,0,0,0,0,0,0,0,0,0,0,0,0,0.0,0.0,0.0,0.0,0,0.0,0.0,0.0,0.0,0,False,190,2
0,0,0,0,0,0,0,0,0,0,0,0,0,0.0,0.0,0.0,0.0,0,0.0,0.0,0.0,0.0,0,False,191,2
0,0,0,0,0,0,0,0,0,0,0,0,0,0.0,0.0,0.0,0.0,0,0.0,0.0,0.0,0.0,0,False,193,2
80,0,0,0,2,0,0,0,0,0,0,0,1,4.8,1.1,4.0,1.0,1,0.12,0.0,0.12,1.13,1,False,194,2
90,0,0,0,2,0,0,0,0,0,0,0,3,18.2,1.3,0.0,2.0,1,0.0,0.02,0.02,1.39,1,False,195,2
0,0,0,0,0,0,0,0,0,0,0,0,0,0.0,0.0,0.0,0.0,0,0.0,0.0,0.0,0.0,0,False,196,2
0,0,0,0,0,0,0,0,0,0,0,0,0,0.0,0.0,0.0,0.0,0,0.0,0.0,0.0,0.0,0,False,197,2
70,0,0,0,1,0,0,0,0,0,0,0,2,0.8,2.3,27.0,3.0,1,0.34,0.01,0.35,1.03,2,False,198,2
90,0,0,0,2,0,0,0,0,0,0,0,14,16.8,56.2,36.0,10.9,1,0.45,0.17,0.62,1.39,2,False,199,2
90,0,0,0,2,0,0,0,0,0,0,0,6,34.8,0.8,0.0,3.6,1,0.0,0.02,0.02,1.39,1,False,200,2
90,0,0,0,2,0,0,0,0,0,1,0,1,11.4,0.0,0.0,1.1,1,0.0,0.0,0.0,1.39,1,False,201,2
0,0,0,0,0,0,0,0,0,0,0,0,0,0.0,0.0,0.0,0.0,0,0.0,0.0,0.0,0.0,0,False,202,2
0,0,0,0,0,0,0,0,0,0,0,0,0,0.0,0.0,0.0,0.0,0,0.0,0.0,0.0,0.0,0,False,203,2
0,0,0,0,0,0,0,0,0,0,0,0,0,0.0,0.0,0.0,0.0,0,0.0,0.0,0.0,0.0,0,False,204,2
27,0,0,0,2,0,0,0,0,0,0,0,7,9.8,23.9,0.0,3.4,0,0.0,0.03,0.03,0.56,1,False,205,2
62,0,0,1,0,0,0,0,1,0,0,0,5,6.2,1.3,2.0,1.0,1,0.02,0.01,0.03,0.83,2,False,206,2
90,0,0,0,2,0,0,0,0,0,0,0,5,4.8,25.3,8.0,3.8,1,0.3,0.23,0.53,1.39,2,False,207,2
0,0,0,0,0,0,0,0,0,0,0,0,0,0.0,0.0,0.0,0.0,0,0.0,0.0,0.0,0.0,0,False,208,2
0,0,0,0,0,0,0,0,0,0,0,0,0,0.0,0.0,0.0,0.0,0,0.0,0.0,0.0,0.0,0,False,209,2
90,0,0,0,2,0,0,0,0,0,0,0,7,22.0,28.8,4.0,5.5,1,0.0,0.08,0.08,1.39,1,False,210,2
90,0,0,0,2,0,0,0,0,0,0,0,9,11.8,4.2,4.0,2.0,1,0.0,0.02,0.02,1.39,1,False,211,2
0,0,0,0,0,0,0,0,0,0,0,0,0,0.0,0.0,0.0,0.0,0,0.0,0.0,0.0,0.0,0,False,212,2
0,0,0,0,0,0,0,0,0,0,0,0,0,0.0,0.0,0.0,0.0,0,0.0,0.0,0.0,0.0,0,False,213,2
9,0,0,0,0,0,0,0,0,0,0,0,3,0.4,0.7,0.0,0.1,0,0.0,0.0,0.0,0.26,1,False,214,2
0,0,0,0,0,0,0,0,0,0,0,0,0,0.0,0.0,0.0,0.0,0,0.0,0.0,0.0,0.0,0,False,215,2
90,0,0,0,2,0,0,0,0,0,0,0,16,15.4,29.5,1.0,4.6,1,0.02,0.17,0.19,1.39,2,False,216,2
56,0,0,0,2,0,0,0,0,0,0,0,3,1.6,1.4,7.0,1.0,1,0.07,0.0,0.07,1.66,1,False,217,2
18,0,0,0,1,0,0,0,0,0,0,0,0,1.0,0.0,0.0,0.1,0,0.0,0.0,0.0,0.25,1,False,218,2
0,0,0,0,0,0,0,0,0,0,0,0,0,0.0,0.0,0.0,0.0,0,0.0,0.0,0.0,0.0,0,False,219,2
71,0,0,0,3,0,0,0,0,0,0,0,2,3.4,1.8,7.0,1.2,1,0.05,0.0,0.05,2.18,2,False,220,2
0,0,0,0,0,0,0,0,0,0,0,0,0,0.0,0.0,0.0,0.0,0,0.0,0.0,0.0,0.0,0,False,221,2
90,0,0,0,4,0,0,0,0,0,0,0,8,16.2,4.3,0.0,2.1,1,0.0,0.01,0.01,2.43,2,False,222,2
0,0,0,0,0,0,0,0,0,0,0,0,0,0.0,0.0,0.0,0.0,0,0.0,0.0,0.0,0.0,0,False,223,2
56,0,0,0,2,0,0,0,0,0,0,0,1,0.0,0.3,12.0,1.0,1,0.54,0.0,0.54,1.66,1,False,224,2
0,0,0,0,0,0,0,0,0,0,0,0,0,0.0,0.0,0.0,0.0,0,0.0,0.0,0.0,0.0,0,False,225,2
90,0,0,0,4,0,0,0,0,0,0,0,2,0.0,0.8,4.0,0.5,1,0.0,0.01,0.01,2.43,2,False,226,2
0,0,0,0,0,0,0,0,0,0,0,0,0,0.0,0.0,0.0,0.0,0,0.0,0.0,0.0,0.0,0,False,227,2
90,0,0,0,4,0,0,0,0,0,0,0,-1,20.8,10.6,2.0,3.3,1,0.0,0.01,0.01,2.43,0,False,228,2
0,0,0,0,0,0,0,0,0,0,0,0,0,0.0,0.0,0.0,0.0,0,0.0,0.0,0.0,0.0,0,False,229,2
90,0,0,0,4,0,0,0,0,0,0,0,22,22.4,89.1,9.0,12.1,1,0.03,0.64,0.66,2.43,2,False,230,2
90,0,0,0,4,0,0,0,0,0,0,0,0,13.0,1.8,0.0,1.5,1,0.0,0.02,0.02,2.43,0,False,231,2
33,0,0,0,2,0,0,0,0,0,0,0,-4,10.2,1.1,13.0,2.4,0,0.04,0.02,0.06,0.77,1,False,232,2
75,0,0,0,1,0,0,0,1,0,0,0,2,0.6,2.0,6.0,0.9,1,0.11,0.01,0.12,0.49,1,False,233,2
0,0,0,0,0,0,0,0,0,0,0,0,0,0.0,0.0,0.0,0.0,0,0.0,0.0,0.0,0.0,0,False,234,2
90,0,0,0,4,0,0,0,0,0,3,0,-5,21.2,0.1,0.0,2.1,1,0.0,0.0,0.0,2.43,1,False,235,2
90,0,0,0,4,0,0,0,0,0,0,0,-7,8.2,10.6,23.0,4.2,1,0.23,0.19,0.42,2.43,0,False,236,2
0,0,0,0,0,0,0,0,0,0,0,0,0,0.0,0.0,0.0,0.0,0,0.0,0.0,0.0,0.0,0,False,237,2
0,0,0,0,0,0,0,0,0,0,0,0,0,0.0,0.0,0.0,0.0,0,0.0,0.0,0.0,0.0,0,False,238,2
68,0,1,0,1,0,0,0,0,0,0,0,26,29.6,45.5,30.0,10.5,1,0.21,0.5,0.71,0.34,5,False,239,2
85,0,0,0,1,0,0,0,0,0,0,0,22,17.2,96.3,5.0,11.9,1,0.06,0.37,0.43,0.47,2,False,240,2
90,0,0,0,1,0,0,0,0,0,0,0,9,14.0,1.3,0.0,1.5,1,0.0,0.0,0.0,0.61,2,False,241,2
0,0,0,0,0,0,0,0,0,0,0,0,0,0.0,0.0,0.0,0.0,0,0.0,0.0,0.0,0.0,0,False,242,2
21,0,0,0,0,0,0,0,1,0,0,0,0,2.8,0.7,0.0,0.4,0,0.0,0.0,0.0,0.27,0,False,243,2
0,0,0,0,0,0,0,0,0,0,0,0,0,0.0,0.0,0.0,0.0,0,0.0,0.0,0.0,0.0,0,False,244,2
90,0,0,0,1,0,0,0,0,0,0,0,5,7.4,0.8,2.0,1.0,1,0.0,0.01,0.01,0.61,2,False,245,2
0,0,0,0,0,0,0,0,0,0,0,0,0,0.0,0.0,0.0,0.0,0,0.0,0.0,0.0,0.0,0,False,246,2
90,1,0,0,1,0,0,0,0,0,0,1,30,39.2,16.2,36.0,9.1,1,0.21,0.05,0.26,0.61,8,False,247,2
90,0,0,0,1,0,0,0,0,0,3,0,14,21.2,0.0,0.0,2.1,1,0.0,0.0,0.0,0.61,3,False,248,2
90,0,0,0,1,0,0,0,0,0,0,0,13,10.2,15.0,0.0,2.5,1,0.0,0.03,0.03,0.61,2,False,249,2
0,0,0,0,0,0,0,0,0,0,0,0,0,0.0,0.0,0.0,0.0,0,0.0,0.0,0.0,0.0,0,False,250,2
79,0,0,0,1,0,0,0,0,0,0,0,8,7.6,20.8,72.0,10.0,1,0.58,0.01,0.59,0.46,2,False,251,2
10,0,0,0,0,0,0,0,0,0,0,0,2,0.2,0.3,0.0,0.1,0,0.0,0.0,0.0,0.15,1,False,252,2
0,0,0,0,0,0,0,0,0,0,0,0,0,0.0,0.0,0.0,0.0,0,0.0,0.0,0.0,0.0,0,False,253,2
4,0,0,0,0,0,0,0,0,0,0,0,3,0.0,0.8,2.0,0.2,0,0.0,0.01,0.01,0.14,1,False,254,2
90,0,1,0,1,0,0,0,0,0,0,2,31,42.4,31.4,2.0,7.6,1,0.0,0.11,0.11,0.61,7,False,255,2
0,0,0,0,0,0,0,0,0,0,0,0,0,0.0,0.0,0.0,0.0,0,0.0,0.0,0.0,0.0,0,False,256,2
90,0,0,0,1,0,0,0,0,0,0,0,0,9.8,4.2,11.0,2.5,1,0.19,0.02,0.21,0.61,2,False,257,2
0,0,0,0,0,0,0,0,0,0,0,0,0,0.0,0.0,0.0,0.0,0,0.0,0.0,0.0,0.0,0,False,258,2
21,0,0,0,0,0,0,0,1,0,0,0,0,0.0,1.3,8.0,0.8,0,0.0,0.01,0.01,0.27,0,False,259,2
7,0,0,0,1,0,0,0,1,0,0,0,-2,0.0,0.0,0.0,0.0,0,0.0,0.0,0.0,0.04,0,False,260,2
0,0,0,0,0,0,0,0,0,0,0,0,0,0.0,0.0,0.0,0.0,0,0.0,0.0,0.0,0.0,0,False,261,2
0,0,0,0,0,0,0,0,0,0,0,0,0,0.0,0.0,0.0,0.0,0,0.0,0.0,0.0,0.0,0,False,262,2
0,0,0,0,0,0,0,0,0,0,0,0,0,0.0,0.0,0.0,0.0,0,0.0,0.0,0.0,0.0,0,False,263,2
0,0,0,0,0,0,0,0,0,0,0,0,0,0.0,0.0,0.0,0.0,0,0.0,0.0,0.0,0.0,0,False,264,2
1,0,0,0,0,0,0,0,0,0,0,0,3,0.0,0.1,0.0,0.0,0,0.0,0.0,0.0,0.0,1,False,265,2
0,0,0,0,0,0,0,0,0,0,0,0,0,0.0,0.0,0.0,0.0,0,0.0,0.0,0.0,0.0,0,False,266,2
90,0,0,0,4,0,0,0,0,0,0,0,-9,5.4,0.4,4.0,1.0,1,0.0,0.1,0.1,3.34,0,False,267,2
82,0,0,0,3,0,0,0,0,0,0,0,-3,1.6,0.9,6.0,0.9,1,0.0,0.01,0.01,3.3,2,False,268,2
1,0,0,0,0,0,0,0,0,0,0,0,3,0.0,0.0,0.0,0.0,0,0.0,0.0,0.0,0.0,1,False,269,2
90,0,0,0,4,0,0,0,0,0,0,0,-1,12.4,0.3,0.0,1.3,1,0.0,0.0,0.0,3.34,0,False,270,2
18,0,0,0,1,0,0,0,0,0,0,0,3,4.0,0.3,2.0,0.6,0,0.0,0.02,0.02,0.15,1,False,271,2
0,0,0,0,0,0,0,0,0,0,0,0,0,0.0,0.0,0.0,0.0,0,0.0,0.0,0.0,0.0,0,False,272,2
0,0,0,0,0,0,0,0,0,0,0,0,0,0.0,0.0,0.0,0.0,0,0.0,0.0,0.0,0.0,0,False,273,2
88,0,0,0,4,0,0,0,0,0,0,0,5,1.2,0.4,0.0,0.2,1,0.0,0.0,0.0,3.34,2,False,274,2
90,0,1,0,4,0,0,0,0,0,0,0,2,31.4,17.8,0.0,4.9,1,0.0,0.2,0.2,3.34,3,False,275,2
0,0,0,0,0,0,0,0,0,0,0,0,0,0.0,0.0,0.0,0.0,0,0.0,0.0,0.0,0.0,0,False,276,2
71,0,0,0,3,0,0,0,0,0,0,0,6,6.0,2.7,0.0,0.9,1,0.0,0.0,0.0,3.2,2,False,277,2
90,0,0,0,4,0,0,0,1,0,0,0,14,23.8,2.8,0.0,2.7,1,0.0,0.0,0.0,3.34,1,False,278,2
0,0,0,0,0,0,0,0,0,0,0,0,0,0.0,0.0,0.0,0.0,0,0.0,0.0,0.0,0.0,0,False,279,2
0,0,0,0,0,0,0,0,0,0,0,0,0,0.0,0.0,0.0,0.0,0,0.0,0.0,0.0,0.0,0,False,280,2
18,0,0,0,1,0,0,0,0,0,0,0,5,7.0,0.0,0.0,0.7,0,0.0,0.0,0.0,0.15,1,False,281,2
88,0,0,0,4,0,0,0,0,0,0,0,-6,18.6,0.7,0.0,1.9,1,0.0,0.0,0.0,3.34,0,False,282,2
0,0,0,0,0,0,0,0,0,0,0,0,0,0.0,0.0,0.0,0.0,0,0.0,0.0,0.0,0.0,0,False,283,2
90,0,0,0,4,0,0,0,0,0,0,0,-2,11.6,0.2,0.0,1.2,1,0.0,0.0,0.0,3.34,0,False,284,2
0,0,0,0,0,0,0,0,0,0,0,0,0,0.0,0.0,0.0,0.0,0,0.0,0.0,0.0,0.0,0,False,285,2
0,0,0,0,0,0,0,0,0,0,0,0,0,0.0,0.0,0.0,0.0,0,0.0,0.0,0.0,0.0,0,False,286,2
0,0,0,0,0,0,0,0,0,0,0,0,0,0.0,0.0,0.0,0.0,0,0.0,0.0,0.0,0.0,0,False,287,2
0,0,0,0,0,0,0,0,0,0,0,0,0,0.0,0.0,0.0,0.0,0,0.0,0.0,0.0,0.0,0,False,288,2
0,0,0,0,0,0,0,0,0,0,0,0,0,0.0,0.0,0.0,0.0,0,0.0,0.0,0.0,0.0,0,False,289,2
62,0,0,0,1,0,0,0,0,0,0,0,8,4.2,0.7,7.0,1.2,1,0.02,0.03,0.05,1.56,2,False,290,2
90,1,0,0,2,0,0,0,0,0,0,0,20,60.4,0.3,44.0,10.5,1,0.33,0.0,0.33,1.78,7,False,291,2
0,0,0,0,0,0,0,0,0,0,0,0,0,0.0,0.0,0.0,0.0,0,0.0,0.0,0.0,0.0,0,False,292,2
90,0,0,0,2,0,0,0,0,0,4,0,11,37.0,0.0,0.0,3.7,1,0.0,0.0,0.0,1.78,2,False,293,2
0,0,0,0,0,0,0,0,0,0,0,0,0,0.0,0.0,0.0,0.0,0,0.0,0.0,0.0,0.0,0,False,294,2
90,0,0,0,2,0,0,0,0,0,0,0,10,17.8,0.5,0.0,1.8,1,0.0,0.0,0.0,1.78,1,False,295,2
84,0,0,0,2,0,0,0,1,0,0,0,6,14.0,1.1,0.0,1.5,1,0.0,0.0,0.0,1.78,0,False,296,2
0,0,0,0,0,0,0,0,0,0,0,0,0,0.0,0.0,0.0,0.0,0,0.0,0.0,0.0,0.0,0,False,297,2
19,0,0,0,0,0,0,0,0,0,0,0,3,2.4,0.4,0.0,0.3,0,0.0,0.0,0.0,0.04,1,False,298,2
5,0,0,0,0,0,0,0,0,0,0,0,1,1.0,0.3,0.0,0.1,0,0.0,0.0,0.0,0.0,1,False,299,2
90,0,0,0,2,0,0,0,0,0,0,0,18,20.4,12.4,17.0,5.0,1,0.09,0.01,0.1,1.78,2,False,300,2
0,0,0,0,0,0,0,0,0,0,0,0,0,0.0,0.0,0.0,0.0,0,0.0,0.0,0.0,0.0,0,False,301,2
0,0,0,0,0,0,0,0,0,0,0,0,0,0.0,0.0,0.0,0.0,0,0.0,0.0,0.0,0.0,0,False,302,2
0,0,0,0,0,0,0,0,0,0,0,0,0,0.0,0.0,0.0,0.0,0,0.0,0.0,0.0,0.0,0,False,303,2
0,0,0,0,0,0,0,0,0,0,0,0,0,0.0,0.0,0.0,0.0,0,0.0,0.0,0.0,0.0,0,False,304,2
0,0,0,0,0,0,0,0,0,0,0,0,0,0.0,0.0,0.0,0.0,0,0.0,0.0,0.0,0.0,0,False,305,2
70,0,0,0,2,0,0,0,0,0,0,0,3,0.0,1.6,0.0,0.1,1,0.0,0.0,0.0,1.74,2,False,306,2
90,0,0,0,2,0,0,0,1,0,0,0,1,22.0,0.3,7.0,2.9,1,0.01,0.0,0.01,1.78,0,False,307,2
0,0,0,0,0,0,0,0,0,0,0,0,0,0.0,0.0,0.0,0.0,0,0.0,0.0,0.0,0.0,0,False,308,2
90,0,0,0,2,0,0,0,0,0,0,0,14,8.4,19.7,0.0,2.8,1,0.0,0.09,0.09,1.78,2,False,309,2
90,0,0,1,0,0,0,0,0,0,2,0,25,16.4,0.0,0.0,1.6,1,0.0,0.0,0.0,0.36,6,False,310,2
71,0,0,1,0,0,0,0,0,0,0,0,29,20.4,46.0,12.0,7.8,1,0.1,0.53,0.63,0.36,6,False,311,2
0,0,0,0,0,0,0,0,0,0,0,0,0,0.0,0.0,0.0,0.0,0,0.0,0.0,0.0,0.0,0,False,312,2
18,0,0,0,0,0,0,0,0,0,0,0,4,2.6,1.7,2.0,0.6,0,0.0,0.01,0.01,0.0,1,False,313,2
24,0,0,0,1,0,0,0,0,0,0,0,2,0.6,1.7,2.0,0.4,0,0.0,0.01,0.01,0.67,1,False,314,2
0,0,0,0,0,0,0,0,0,0,0,0,0,0.0,0.0,0.0,0.0,0,0.0,0.0,0.0,0.0,0,False,315,2
18,0,0,0,0,0,0,0,0,0,0,0,2,1.4,3.8,2.0,0.7,0,0.0,0.0,0.0,0.0,1,False,316,2
71,0,1,1,0,0,0,0,0,0,0,0,19,17.6,24.9,26.0,6.9,1,0.59,0.06,0.65,0.36,6,False,317,2
0,0,0,0,0,0,0,0,0,0,0,0,0,0.0,0.0,0.0,0.0,0,0.0,0.0,0.0,0.0,0,False,318,2
7,0,0,0,0,0,0,0,0,0,0,0,3,0.0,2.0,2.0,0.4,0,0.0,0.02,0.02,0.0,1,False,319,2
1,0,0,0,0,0,0,0,0,0,0,0,3,0.0,0.0,0.0,0.0,0,0.0,0.0,0.0,0.0,1,False,320,2
18,0,0,0,0,0,0,0,0,0,0,0,3,2.2,1.1,4.0,0.7,0,0.03,0.01,0.04,0.0,1,False,321,2
0,0,0,0,0,0,0,0,0,0,0,0,0,0.0,0.0,0.0,0.0,0,0.0,0.0,0.0,0.0,0,False,322,2
90,0,0,1,0,0,0,0,1,0,0,0,16,11.2,7.2,0.0,1.8,1,0.0,0.05,0.05,0.36,2,False,323,2
0,0,0,0,0,0,0,0,0,0,0,0,0,0.0,0.0,0.0,0.0,0,0.0,0.0,0.0,0.0,0,False,324,2
0,0,0,0,0,0,0,0,0,0,0,0,0,0.0,0.0,0.0,0.0,0,0.0,0.0,0.0,0.0,0,False,325,2
90,0,0,1,0,0,0,0,0,0,0,1,31,26.0,2.9,21.0,5.0,1,0.19,0.02,0.21,0.36,7,False,326,2
71,1,1,1,0,0,0,0,0,0,0,3,51,68.6,48.7,44.0,16.1,1,0.87,0.17,1.04,0.36,14,True,327,2
82,1,0,1,0,0,0,0,0,0,0,2,34,38.8,6.2,52.0,9.7,1,0.5,0.25,0.75,0.36,10,False,328,2
90,0,0,1,0,0,0,0,0,0,0,0,13,12.2,26.1,8.0,4.6,1,0.0,0.11,0.11,0.36,3,False,329,2
0,0,0,0,0,0,0,0,0,0,0,0,0,0.0,0.0,0.0,0.0,0,0.0,0.0,0.0,0.0,0,False,330,2
0,0,0,0,0,0,0,0,0,0,0,0,0,0.0,0.0,0.0,0.0,0,0.0,0.0,0.0,0.0,0,False,331,2
0,0,0,0,0,0,0,0,0,0,0,0,0,0.0,0.0,0.0,0.0,0,0.0,0.0,0.0,0.0,0,False,332,2
0,0,0,0,0,0,0,0,0,0,0,0,0,0.0,0.0,0.0,0.0,0,0.0,0.0,0.0,0.0,0,False,333,2
0,0,0,0,0,0,0,0,0,0,0,0,0,0.0,0.0,0.0,0.0,0,0.0,0.0,0.0,0.0,0,False,334,2
90,0,0,1,0,0,0,0,0,0,0,0,29,22.0,47.1,52.0,12.1,1,0.3,0.19,0.49,0.36,6,False,335,2
90,0,0,1,0,0,0,0,1,0,0,0,9,15.6,31.4,13.0,6.0,1,0.06,0.41,0.47,0.36,2,False,336,2
0,0,0,0,0,0,0,0,0,0,0,0,0,0.0,0.0,0.0,0.0,0,0.0,0.0,0.0,0.0,0,False,337,2
0,0,0,0,0,0,0,0,0,0,0,0,0,0.0,0.0,0.0,0.0,0,0.0,0.0,0.0,0.0,0,False,338,2
90,0,0,1,0,0,0,0,0,0,0,1,31,20.0,1.1,17.0,3.8,1,0.02,0.01,0.03,0.36,7,False,339,2
90,0,0,0,1,0,0,0,0,0,0,0,13,23.4,28.8,2.0,5.4,1,0.0,0.16,0.16,0.29,2,False,340,2
0,0,0,0,0,0,0,0,0,0,0,0,0,0.0,0.0,0.0,0.0,0,0.0,0.0,0.0,0.0,0,False,341,2
90,0,0,0,1,0,0,0,0,0,0,0,9,1.6,12.5,15.0,2.9,1,0.11,0.07,0.18,0.29,2,False,342,2
0,0,0,0,0,0,0,0,0,0,0,0,0,0.0,0.0,0.0,0.0,0,0.0,0.0,0.0,0.0,0,False,343,2
0,0,0,0,0,0,0,0,0,0,0,0,0,0.0,0.0,0.0,0.0,0,0.0,0.0,0.0,0.0,0,False,344,2
89,1,1,0,1,0,0,0,0,0,0,2,48,61.4,71.8,17.0,15.0,1,0.81,0.65,1.46,0.29,12,True,345,2
70,0,0,0,1,0,0,0,0,0,0,0,14,10.4,26.6,6.0,4.3,1,0.0,0.44,0.44,0.29,2,False,346,2
90,0,0,0,1,0,0,0,0,0,0,0,3,3.8,0.0,0.0,0.4,1,0.0,0.0,0.0,0.29,2,False,347,2
0,0,0,0,0,0,0,0,0,0,0,0,0,0.0,0.0,0.0,0.0,0,0.0,0.0,0.0,0.0,0,False,348,2
19,0,0,0,0,0,0,0,1,0,0,0,0,1.2,2.4,9.0,1.3,0,0.1,0.01,0.11,0.0,0,False,349,2
90,0,0,0,1,0,0,0,0,0,0,0,14,15.4,7.8,2.0,2.5,1,0.0,0.04,0.04,0.29,2,False,350,2
89,3,0,0,1,0,0,0,0,0,0,3,80,97.2,3.3,83.0,18.4,1,1.79,0.04,1.83,0.29,17,True,351,2
0,0,0,0,0,0,0,0,0,0,0,0,0,0.0,0.0,0.0,0.0,0,0.0,0.0,0.0,0.0,0,False,352,2
0,0,0,0,0,0,0,0,0,0,0,0,0,0.0,0.0,0.0,0.0,0,0.0,0.0,0.0,0.0,0,False,353,2
49,0,0,0,1,0,0,0,0,0,0,0,18,11.6,25.8,0.0,3.7,1,0.0,0.06,0.06,0.29,1,False,354,2
90,0,0,0,1,0,0,0,0,0,0,0,9,7.0,8.8,24.0,4.0,1,0.53,0.06,0.59,0.29,2,False,355,2
1,0,0,0,0,0,0,0,0,0,0,0,3,0.2,0.6,0.0,0.1,0,0.0,0.0,0.0,0.0,1,False,356,2
1,0,0,0,0,0,0,0,0,0,0,0,3,0.2,1.0,2.0,0.3,0,0.0,0.02,0.02,0.0,1,False,357,2
0,0,0,0,0,0,0,0,0,0,0,0,0,0.0,0.0,0.0,0.0,0,0.0,0.0,0.0,0.0,0,False,358,2
0,0,0,0,0,0,0,0,0,0,0,0,0,0.0,0.0,0.0,0.0,0,0.0,0.0,0.0,0.0,0,False,359,2
0,0,0,0,0,0,0,0,0,0,0,0,0,0.0,0.0,0.0,0.0,0,0.0,0.0,0.0,0.0,0,False,360,2
90,0,0,0,1,0,0,0,1,0,0,0,8,19.2,8.5,0.0,2.8,1,0.0,0.05,0.05,0.29,1,False,361,2
40,0,0,0,0,0,0,0,0,0,0,0,6,6.0,5.4,2.0,1.3,0,0.0,0.01,0.01,0.0,1,False,362,2
0,0,0,0,0,0,0,0,0,0,0,0,0,0.0,0.0,0.0,0.0,0,0.0,0.0,0.0,0.0,0,False,363,2
89,1,0,0,1,0,0,0,1,0,0,0,19,34.8,18.4,23.0,7.6,1,0.33,0.11,0.44,1.5,6,False,364,2
1,0,0,0,1,0,0,0,0,0,0,0,3,3.0,10.3,2.0,1.5,0,0.0,0.05,0.05,0.6,1,False,365,2
78,0,0,0,1,0,0,0,0,0,0,0,15,10.4,37.7,11.0,5.9,1,0.07,0.73,0.8,1.5,2,False,366,2
0,0,0,0,0,0,0,0,0,0,0,0,0,0.0,0.0,0.0,0.0,0,0.0,0.0,0.0,0.0,0,False,367,2
90,0,0,0,2,0,0,0,0,0,0,0,13,12.6,4.7,16.0,3.3,1,0.1,0.02,0.12,2.09,2,False,368,2
90,0,0,0,2,0,0,0,0,0,0,0,19,20.4,18.8,1.0,4.0,1,0.02,0.05,0.07,2.09,1,False,369,2
0,0,0,0,0,0,0,0,0,0,0,0,0,0.0,0.0,0.0,0.0,0,0.0,0.0,0.0,0.0,0,False,370,2
0,0,0,0,0,0,0,0,0,0,0,0,0,0.0,0.0,0.0,0.0,0,0.0,0.0,0.0,0.0,0,False,371,2
25,0,0,0,1,0,0,0,0,0,0,0,0,3.4,11.4,16.0,3.1,0,0.71,0.06,0.77,0.76,1,False,372,2
0,0,0,0,0,0,0,0,0,0,0,0,0,0.0,0.0,0.0,0.0,0,0.0,0.0,0.0,0.0,0,False,373,2
0,0,0,0,0,0,0,0,0,0,0,0,0,0.0,0.0,0.0,0.0,0,0.0,0.0,0.0,0.0,0,False,374,2
0,0,0,0,0,0,0,0,0,0,0,0,0,0.0,0.0,0.0,0.0,0,0.0,0.0,0.0,0.0,0,False,375,2
0,0,0,0,0,0,0,0,0,0,0,0,0,0.0,0.0,0.0,0.0,0,0.0,0.0,0.0,0.0,0,False,376,2
78,0,0,0,1,0,0,0,0,0,0,0,12,15.4,12.0,4.0,3.1,1,0.04,0.0,0.04,1.5,2,False,377,2
90,0,0,0,2,0,0,0,1,0,0,0,18,14.4,1.3,4.0,2.0,1,0.0,0.01,0.01,2.09,1,False,378,2
0,0,0,0,0,0,0,0,0,0,0,0,0,0.0,0.0,0.0,0.0,0,0.0,0.0,0.0,0.0,0,False,379,2
90,0,0,0,2,0,0,0,0,0,0,0,8,10.2,4.3,0.0,1.5,1,0.0,0.19,0.19,2.09,1,False,380,2
11,0,0,0,1,0,0,0,0,0,0,0,1,2.6,0.2,5.0,0.8,0,0.07,0.0,0.07,0.6,1,False,381,2
45,0,0,0,1,0,0,0,0,0,0,0,3,2.8,0.9,17.0,2.1,1,0.09,0.0,0.09,0.81,1,False,382,2
90,0,0,0,2,0,0,0,0,0,2,0,14,25.4,0.0,0.0,2.5,1,0.0,0.0,0.0,2.09,1,False,383,2
0,0,0,0,0,0,0,0,0,0,0,0,0,0.0,0.0,0.0,0.0,0,0.0,0.0,0.0,0.0,0,False,384,2
64,0,0,0,1,0,0,0,0,0,0,0,4,0.0,7.3,4.0,1.1,1,0.0,0.01,0.01,1.33,2,False,385,2
0,0,0,0,0,0,0,0,0,0,0,0,0,0.0,0.0,0.0,0.0,0,0.0,0.0,0.0,0.0,0,False,386,2
0,0,0,0,0,0,0,0,0,0,0,0,0,0.0,0.0,0.0,0.0,0,0.0,0.0,0.0,0.0,0,False,387,2
28,0,0,0,0,0,0,0,0,0,0,0,4,4.2,0.1,0.0,0.4,0,0.0,0.0,0.0,0.56,1,False,388,2
45,0,0,0,1,0,0,0,0,0,0,0,5,11.4,11.0,4.0,2.6,0,0.0,0.03,0.03,1.28,1,False,389,2
0,0,0,0,0,0,0,0,0,0,0,0,0,0.0,0.0,0.0,0.0,0,0.0,0.0,0.0,0.0,0,False,390,2
1,0,0,0,0,0,0,0,0,0,0,0,3,0.4,0.3,0.0,0.1,0,0.0,0.0,0.0,0.08,1,False,391,2
32,0,1,0,0,0,0,0,0,0,0,1,21,21.6,30.3,10.0,6.2,0,0.17,0.31,0.48,1.07,5,False,392,2
0,0,0,0,0,0,0,0,0,0,0,0,0,0.0,0.0,0.0,0.0,0,0.0,0.0,0.0,0.0,0,False,393,2
90,0,0,0,1,0,0,0,0,0,0,0,17,22.6,26.9,11.0,6.1,1,0.1,0.23,0.33,2.23,2,False,394,2
90,0,0,0,1,0,0,0,1,0,0,0,3,24.2,1.3,27.0,5.3,1,0.28,0.01,0.29,2.23,1,False,395,2
0,0,0,0,0,0,0,0,0,0,0,0,0,0.0,0.0,0.0,0.0,0,0.0,0.0,0.0,0.0,0,False,396,2
0,0,0,0,0,0,0,0,0,0,0,0,0,0.0,0.0,0.0,0.0,0,0.0,0.0,0.0,0.0,0,False,397,2
88,1,0,0,1,0,0,0,0,0,0,3,38,45.8,59.8,40.0,14.6,1,0.65,0.38,1.03,2.15,10,False,398,2
21,0,0,0,0,0,0,0,0,0,0,0,6,17.2,15.3,2.0,3.5,0,0.0,0.1,0.1,0.42,1,False,399,2
0,0,0,0,0,0,0,0,0,0,0,0,0,0.0,0.0,0.0,0.0,0,0.0,0.0,0.0,0.0,0,False,400,2
90,0,0,0,1,0,0,0,0,0,0,0,8,6.6,11.6,49.0,6.7,1,0.26,0.03,0.29,2.23,2,False,401,2
57,0,0,0,1,0,0,0,0,0,0,0,3,3.0,12.8,0.0,1.6,1,0.0,0.01,0.01,1.16,1,False,402,2
90,0,0,0,1,0,0,0,1,0,0,0,5,14.8,16.5,17.0,4.8,1,0.07,0.03,0.1,2.23,1,False,403,2
68,0,0,0,1,0,0,0,0,0,0,0,6,10.0,1.3,0.0,1.1,1,0.0,0.01,0.01,1.81,2,False,404,2
90,0,0,0,1,0,0,0,0,0,0,0,9,9.0,10.8,0.0,2.0,1,0.0,0.03,0.03,2.23,2,False,405,2
0,0,0,0,0,0,0,0,0,0,0,0,0,0.0,0.0,0.0,0.0,0,0.0,0.0,0.0,0.0,0,False,406,2
0,0,0,0,0,0,0,0,0,0,0,0,0,0.0,0.0,0.0,0.0,0,0.0,0.0,0.0,0.0,0,False,407,2
0,0,0,0,0,0,0,0,0,0,0,0,0,0.0,0.0,0.0,0.0,0,0.0,0.0,0.0,0.0,0,False,408,2
57,0,0,0,1,0,0,0,0,0,0,0,5,9.8,2.3,0.0,1.2,1,0.0,0.01,0.01,1.16,1,False,409,2
69,0,0,0,1,0,0,0,0,0,0,0,17,3.8,12.7,2.0,1.9,1,0.0,0.01,0.01,1.81,2,False,410,2
0,0,0,0,0,0,0,0,0,0,0,0,0,0.0,0.0,0.0,0.0,0,0.0,0.0,0.0,0.0,0,False,411,2
0,0,0,0,0,0,0,0,0,0,0,0,0,0.0,0.0,0.0,0.0,0,0.0,0.0,0.0,0.0,0,False,412,2
90,0,0,0,1,0,0,0,0,0,3,0,14,25.6,0.0,0.0,2.6,1,0.0,0.0,0.0,2.23,3,False,413,2
0,0,0,0,0,0,0,0,0,0,0,0,0,0.0,0.0,0.0,0.0,0,0.0,0.0,0.0,0.0,0,False,414,2
0,0,0,0,0,0,0,0,0,0,0,0,0,0.0,0.0,0.0,0.0,0,0.0,0.0,0.0,0.0,0,False,415,2
0,0,0,0,0,0,0,0,0,0,0,0,0,0.0,0.0,0.0,0.0,0,0.0,0.0,0.0,0.0,0,False,416,2
0,0,0,0,0,0,0,0,0,0,0,0,0,0.0,0.0,0.0,0.0,0,0.0,0.0,0.0,0.0,0,False,417,2
32,0,0,0,0,0,0,0,0,0,0,0,4,7.2,4.9,0.0,1.2,0,0.0,0.02,0.02,1.07,1,False,418,2
0,0,0,0,0,0,0,0,0,0,0,0,0,0.0,0.0,0.0,0.0,0,0.0,0.0,0.0,0.0,0,False,419,2
20,0,0,0,0,0,0,0,0,0,0,0,4,1.4,2.3,9.0,1.3,0,0.08,0.01,0.09,0.42,1,False,420,2
0,0,0,0,0,0,0,0,0,0,0,0,0,0.0,0.0,0.0,0.0,0,0.0,0.0,0.0,0.0,0,False,421,2
90,0,0,1,0,0,0,0,0,0,0,3,37,20.4,13.5,2.0,3.6,1,0.0,0.09,0.09,0.14,9,True,422,2
74,0,0,1,0,0,0,0,0,0,0,0,17,16.8,12.7,11.0,4.1,1,0.05,0.03,0.08,0.14,3,False,423,2
15,0,0,0,0,0,0,0,0,0,0,0,4,4.4,1.5,2.0,0.8,0,0.0,0.0,0.0,0.0,1,False,424,2
1,0,0,0,0,0,0,0,0,0,0,0,3,0.0,0.1,0.0,0.0,0,0.0,0.0,0.0,0.0,1,False,425,2
0,0,0,0,0,0,0,0,0,0,0,0,0,0.0,0.0,0.0,0.0,0,0.0,0.0,0.0,0.0,0,False,426,2
0,0,0,0,0,0,0,0,0,0,0,0,0,0.0,0.0,0.0,0.0,0,0.0,0.0,0.0,0.0,0,False,427,2
0,0,0,0,0,0,0,0,0,0,0,0,0,0.0,0.0,0.0,0.0,0,0.0,0.0,0.0,0.0,0,False,428,2
0,0,0,0,0,0,0,0,0,0,0,0,0,0.0,0.0,0.0,0.0,0,0.0,0.0,0.0,0.0,0,False,429,2
0,0,0,0,0,0,0,0,0,0,0,0,0,0.0,0.0,0.0,0.0,0,0.0,0.0,0.0,0.0,0,False,430,2
15,0,0,0,0,0,0,0,1,0,0,0,-3,4.6,10.2,1.0,1.6,0,0.12,0.0,0.12,0.0,0,False,431,2
90,0,0,1,0,0,0,0,0,0,0,0,11,17.0,40.7,29.0,8.7,1,0.22,0.24,0.46,0.14,3,False,432,2
90,1,0,1,0,0,0,0,0,0,0,2,35,48.8,34.2,55.0,13.8,1,0.47,0.02,0.49,0.14,10,False,433,2
90,0,0,1,0,0,0,0,0,0,0,0,24,21.0,53.9,21.0,9.6,1,0.04,0.34,0.38,0.14,3,False,434,2
0,0,0,0,0,0,0,0,0,0,0,0,0,0.0,0.0,0.0,0.0,0,0.0,0.0,0.0,0.0,0,False,435,2
90,0,0,1,0,0,0,0,0,0,0,1,28,9.0,10.8,4.0,2.4,1,0.0,0.11,0.11,0.14,7,False,436,2
90,0,0,1,0,0,0,0,0,0,0,0,25,19.6,6.3,26.0,5.2,1,0.28,0.02,0.3,0.14,6,False,437,2
0,0,0,0,0,0,0,0,0,0,0,0,0,0.0,0.0,0.0,0.0,0,0.0,0.0,0.0,0.0,0,False,438,2
0,0,0,0,0,0,0,0,0,0,0,0,0,0.0,0.0,0.0,0.0,0,0.0,0.0,0.0,0.0,0,False,439,2
0,0,0,0,0,0,0,0,0,0,0,0,0,0.0,0.0,0.0,0.0,0,0.0,0.0,0.0,0.0,0,False,440,2
0,0,0,0,0,0,0,0,0,0,0,0,0,0.0,0.0,0.0,0.0,0,0.0,0.0,0.0,0.0,0,False,441,2
65,0,0,1,0,0,0,0,1,0,0,0,9,9.6,2.1,11.0,2.3,1,0.02,0.04,0.06,0.14,2,False,442,2
90,0,0,1,0,0,0,0,0,0,1,0,21,5.0,0.0,0.0,0.5,1,0.0,0.0,0.0,0.14,6,False,443,2
0,0,0,0,0,0,0,0,0,0,0,0,0,0.0,0.0,0.0,0.0,0,0.0,0.0,0.0,0.0,0,False,444,2
0,0,0,0,0,0,0,0,0,0,0,0,0,0.0,0.0,0.0,0.0,0,0.0,0.0,0.0,0.0,0,False,445,2
0,0,0,0,0,0,0,0,0,0,0,0,0,0.0,0.0,0.0,0.0,0,0.0,0.0,0.0,0.0,0,False,446,2
74,0,0,1,0,0,0,0,1,0,0,0,5,6.2,16.9,40.0,6.3,1,0.24,0.09,0.33,0.14,1,False,447,2
0,0,0,0,0,0,0,0,0,0,0,0,0,0.0,0.0,0.0,0.0,0,0.0,0.0,0.0,0.0,0,False,448,2
24,0,0,0,0,0,0,0,0,0,0,0,8,5.0,10.7,1.0,1.7,0,0.02,0.0,0.02,0.0,1,False,449,2
0,0,0,0,0,0,0,0,0,0,0,0,0,0.0,0.0,0.0,0.0,0,0.0,0.0,0.0,0.0,0,False,450,2
0,0,0,0,0,0,0,0,0,0,0,0,0,0.0,0.0,0.0,0.0,0,0.0,0.0,0.0,0.0,0,False,451,2
75,0,0,0,1,0,0,0,0,0,0,0,10,9.0,6.2,6.0,2.1,1,0.0,0.03,0.03,2.26,2,False,452,2
70,0,0,0,1,0,0,0,1,0,0,0,1,2.2,2.9,9.0,1.4,1,0.02,0.01,0.03,2.14,1,False,453,2
0,0,0,0,0,0,0,0,0,0,0,0,0,0.0,0.0,0.0,0.0,0,0.0,0.0,0.0,0.0,0,False,454,2
90,0,0,0,1,0,0,0,1,0,0,0,9,19.2,12.2,2.0,3.3,1,0.0,0.01,0.01,2.45,1,False,455,2
0,0,0,0,0,0,0,0,0,0,0,0,0,0.0,0.0,0.0,0.0,0,0.0,0.0,0.0,0.0,0,False,456,2
0,0,0,0,0,0,0,0,0,0,0,0,0,0.0,0.0,0.0,0.0,0,0.0,0.0,0.0,0.0,0,False,457,2
0,0,0,0,0,0,0,0,0,0,0,0,0,0.0,0.0,0.0,0.0,0,0.0,0.0,0.0,0.0,0,False,458,2
19,0,0,0,0,0,0,0,0,0,0,0,6,3.0,0.5,6.0,1.0,0,0.0,0.0,0.0,0.31,1,False,459,2
0,0,0,0,0,0,0,0,0,0,0,0,0,0.0,0.0,0.0,0.0,0,0.0,0.0,0.0,0.0,0,False,460,2
75,0,0,0,1,0,0,0,0,0,0,0,5,17.0,2.1,0.0,1.9,1,0.0,0.01,0.01,2.26,2,False,461,2
0,0,0,0,0,0,0,0,0,0,0,0,0,0.0,0.0,0.0,0.0,0,0.0,0.0,0.0,0.0,0,False,462,2
0,0,0,0,0,0,0,0,0,0,0,0,0,0.0,0.0,0.0,0.0,0,0.0,0.0,0.0,0.0,0,False,463,2
0,0,0,0,0,0,0,0,0,0,0,0,0,0.0,0.0,0.0,0.0,0,0.0,0.0,0.0,0.0,0,False,464,2
0,0,0,0,0,0,0,0,0,0,0,0,0,0.0,0.0,0.0,0.0,0,0.0,0.0,0.0,0.0,0,False,465,2
0,0,0,0,0,0,0,0,0,0,0,0,0,0.0,0.0,0.0,0.0,0,0.0,0.0,0.0,0.0,0,False,466,2
0,0,0,0,0,0,0,0,0,0,0,0,0,0.0,0.0,0.0,0.0,0,0.0,0.0,0.0,0.0,0,False,467,2
0,0,0,0,0,0,0,0,0,0,0,0,0,0.0,0.0,0.0,0.0,0,0.0,0.0,0.0,0.0,0,False,468,2
90,0,0,0,1,0,0,0,0,0,7,0,19,52.0,0.0,0.0,5.2,1,0.0,0.0,0.0,2.45,4,False,469,2
0,0,0,0,0,0,0,0,0,0,0,0,0,0.0,0.0,0.0,0.0,0,0.0,0.0,0.0,0.0,0,False,470,2
83,0,0,0,1,0,0,0,0,0,0,0,9,0.0,7.8,0.0,0.7,1,0.0,0.01,0.01,2.45,2,False,471,2
90,0,0,0,1,0,0,0,0,0,0,0,7,16.4,4.7,0.0,2.1,1,0.0,0.03,0.03,2.45,2,False,472,2
0,0,0,0,0,0,0,0,0,0,0,0,0,0.0,0.0,0.0,0.0,0,0.0,0.0,0.0,0.0,0,False,473,2
71,0,0,0,1,0,0,0,0,0,0,0,13,17.8,6.1,1.0,2.5,1,0.02,0.07,0.09,2.14,2,False,474,2
14,0,0,0,0,0,0,0,0,0,0,0,3,0.8,1.6,2.0,0.4,0,0.0,0.01,0.01,0.19,1,False,475,2
90,0,0,0,1,0,0,0,0,0,0,0,13,21.0,4.2,20.0,4.5,1,0.1,0.02,0.12,2.45,2,False,476,2
0,0,0,0,0,0,0,0,0,0,0,0,0,0.0,0.0,0.0,0.0,0,0.0,0.0,0.0,0.0,0,False,477,2
0,0,0,0,0,0,0,0,0,0,0,0,0,0.0,0.0,0.0,0.0,0,0.0,0.0,0.0,0.0,0,False,478,2
0,0,0,0,0,0,0,0,0,0,0,0,0,0.0,0.0,0.0,0.0,0,0.0,0.0,0.0,0.0,0,False,479,2
0,0,0,0,0,0,0,0,0,0,0,0,0,0.0,0.0,0.0,0.0,0,0.0,0.0,0.0,0.0,0,False,480,2
11,0,0,0,0,0,0,0,0,0,0,0,1,1.0,5.0,0.0,0.6,0,0.0,0.02,0.02,0.0,1,False,481,2
71,1,0,1,0,0,0,0,0,0,0,1,40,43.8,6.5,7.0,5.7,1,0.1,0.04,0.14,1.0,9,False,482,2
0,0,0,0,0,0,0,0,0,0,0,0,0,0.0,0.0,0.0,0.0,0,0.0,0.0,0.0,0.0,0,False,483,2
0,0,0,0,0,0,0,0,0,0,0,0,0,0.0,0.0,0.0,0.0,0,0.0,0.0,0.0,0.0,0,False,484,2
0,0,0,0,0,0,0,0,0,0,0,0,0,0.0,0.0,0.0,0.0,0,0.0,0.0,0.0,0.0,0,False,485,2
0,0,0,0,0,0,0,0,0,0,0,0,0,0.0,0.0,0.0,0.0,0,0.0,0.0,0.0,0.0,0,False,486,2
0,0,0,0,0,0,0,0,0,0,0,0,0,0.0,0.0,0.0,0.0,0,0.0,0.0,0.0,0.0,0,False,487,2
0,0,0,0,0,0,0,0,0,0,0,0,0,0.0,0.0,0.0,0.0,0,0.0,0.0,0.0,0.0,0,False,488,2
18,0,0,0,0,0,0,0,0,0,0,0,4,0.6,1.1,0.0,0.2,0,0.0,0.0,0.0,0.0,1,False,489,2
0,0,0,0,0,0,0,0,0,0,0,0,0,0.0,0.0,0.0,0.0,0,0.0,0.0,0.0,0.0,0,False,490,2
90,0,0,1,0,0,0,0,0,0,0,0,3,0.6,2.4,14.0,1.7,1,0.18,0.03,0.21,1.0,3,False,491,2
66,0,1,1,0,0,0,0,0,0,0,0,21,25.6,48.8,8.0,8.2,1,0.0,0.11,0.11,1.0,6,False,492,2
0,0,0,0,0,0,0,0,0,0,0,0,0,0.0,0.0,0.0,0.0,0,0.0,0.0,0.0,0.0,0,False,493,2
78,0,1,1,0,0,0,0,0,0,0,0,25,38.6,41.8,31.0,11.1,1,0.41,0.38,0.79,1.0,6,False,494,2
90,0,0,1,0,0,0,0,0,0,0,0,23,25.2,21.5,1.0,4.8,1,0.03,0.11,0.14,1.0,6,False,495,2
0,0,0,0,0,0,0,0,0,0,0,0,0,0.0,0.0,0.0,0.0,0,0.0,0.0,0.0,0.0,0,False,496,2
24,0,0,0,0,0,0,0,0,0,0,0,5,3.2,1.2,0.0,0.4,0,0.0,0.0,0.0,0.0,1,False,497,2
90,1,0,1,0,0,0,0,0,0,0,2,53,63.0,17.3,54.0,13.4,1,0.53,0.3,0.83,1.0,14,True,498,2
23,0,0,0,0,0,0,0,0,0,0,0,1,3.8,0.5,2.0,0.6,0,0.0,0.0,0.0,0.0,1,False,499,2
0,0,0,0,0,0,0,0,0,0,0,0,0,0.0,0.0,0.0,0.0,0,0.0,0.0,0.0,0.0,0,False,500,2
19,0,0,0,0,0,0,0,0,0,0,0,4,1.8,0.6,0.0,0.2,0,0.0,0.0,0.0,0.04,1,False,501,2
0,0,0,0,0,0,0,0,0,0,0,0,0,0.0,0.0,0.0,0.0,0,0.0,0.0,0.0,0.0,0,False,502,2
90,2,0,1,0,0,0,0,0,0,0,3,55,75.8,15.8,43.0,13.5,1,1.14,0.05,1.19,1.0,16,True,503,2
17,0,0,0,0,0,0,0,0,0,0,0,5,2.0,1.3,2.0,0.5,0,0.0,0.0,0.0,0.0,1,False,504,2
72,0,0,1,0,0,0,0,0,0,0,0,30,5.0,4.2,4.0,1.3,1,0.0,0.01,0.01,1.0,6,False,505,2
90,0,1,1,0,0,0,0,0,0,0,0,39,30.4,11.2,0.0,4.2,1,0.0,0.04,0.04,1.0,9,False,506,2
0,0,0,0,0,0,0,0,0,0,0,0,0,0.0,0.0,0.0,0.0,0,0.0,0.0,0.0,0.0,0,False,507,2
90,0,0,1,0,0,0,0,0,0,1,0,30,13.0,0.0,0.0,1.3,1,0.0,0.0,0.0,1.0,6,False,508,2
0,0,0,0,0,0,0,0,0,0,0,0,0,0.0,0.0,0.0,0.0,0,0.0,0.0,0.0,0.0,0,False,509,2
0,0,0,0,0,0,0,0,0,0,0,0,0,0.0,0.0,0.0,0.0,0,0.0,0.0,0.0,0.0,0,False,510,2
12,0,0,0,0,0,0,0,0,0,0,0,2,4.4,3.2,1.0,0.9,0,0.01,0.21,0.22,0.03,1,False,511,2
61,0,0,1,0,0,0,0,0,0,0,0,-2,0.0,4.0,14.0,1.4,1,0.56,0.01,0.57,0.79,2,False,512,2
90,0,0,1,0,0,0,0,0,0,2,0,24,15.8,0.0,0.0,1.6,1,0.0,0.0,0.0,1.35,6,False,513,2
90,1,0,1,0,0,0,0,0,0,0,0,26,47.2,63.1,21.0,13.1,1,0.1,0.25,0.35,1.35,8,False,514,2
0,0,0,0,0,0,0,0,0,0,0,0,0,0.0,0.0,0.0,0.0,0,0.0,0.0,0.0,0.0,0,False,515,2
62,0,0,1,0,0,0,0,0,0,0,0,17,0.0,1.0,1.0,0.0,1,0.02,0.0,0.02,0.79,6,False,516,2
1,0,0,0,0,0,0,0,0,0,0,0,3,0.0,0.0,0.0,0.0,0,0.0,0.0,0.0,0.03,1,False,517,2
90,0,0,0,1,0,0,0,1,0,0,0,13,17.6,14.9,2.0,3.5,1,0.0,0.06,0.06,2.45,1,False,518,2
0,0,0,0,0,0,0,0,0,0,0,0,0,0.0,0.0,0.0,0.0,0,0.0,0.0,0.0,0.0,0,False,519,2
88,0,0,1,0,0,0,0,0,0,0,0,27,17.6,1.6,0.0,1.9,1,0.0,0.01,0.01,1.32,6,False,520,2
0,0,0,0,0,0,0,0,0,0,0,0,0,0.0,0.0,0.0,0.0,0,0.0,0.0,0.0,0.0,0,False,521,2
0,0,0,0,0,0,0,0,0,0,0,0,0,0.0,0.0,0.0,0.0,0,0.0,0.0,0.0,0.0,0,False,522,2
0,0,0,0,0,0,0,0,0,0,0,0,0,0.0,0.0,0.0,0.0,0,0.0,0.0,0.0,0.0,0,False,523,2
90,0,1,1,0,0,0,0,0,0,0,3,40,39.2,21.0,4.0,6.4,1,0.06,0.01,0.07,1.35,12,True,524,2
87,0,0,1,0,0,0,0,0,0,0,0,9,7.4,8.8,9.0,2.5,1,0.08,0.16,0.24,1.32,3,False,525,2
0,0,0,0,0,0,0,0,0,0,0,0,0,0.0,0.0,0.0,0.0,0,0.0,0.0,0.0,0.0,0,False,526,2
90,0,0,1,0,0,0,0,0,0,0,0,13,13.0,7.8,9.0,3.0,1,0.13,0.02,0.15,1.35,3,False,527,2
90,0,0,1,0,0,0,0,0,0,0,2,30,33.0,0.2,2.0,3.5,1,0.0,0.0,0.0,1.35,8,False,528,2
0,0,0,0,0,0,0,0,0,0,0,0,0,0.0,0.0,0.0,0.0,0,0.0,0.0,0.0,0.0,0,False,529,2
77,1,0,1,0,0,0,0,1,0,0,1,28,36.0,14.8,33.0,8.4,1,0.15,0.1,0.25,1.32,8,False,530,2
0,0,0,0,0,0,0,0,0,0,0,0,0,0.0,0.0,0.0,0.0,0,0.0,0.0,0.0,0.0,0,False,531,2
0,0,0,0,0,0,0,0,0,0,0,0,0,0.0,0.0,0.0,0.0,0,0.0,0.0,0.0,0.0,0,False,532,2
67,0,1,0,5,0,0,0,1,0,0,0,-4,14.0,10.7,6.0,3.1,1,0.06,0.16,0.22,1.24,2,False,533,2
0,0,0,0,0,0,0,0,0,0,0,0,0,0.0,0.0,0.0,0.0,0,0.0,0.0,0.0,0.0,0,False,534,2
67,0,0,0,5,0,0,0,0,0,0,0,4,2.4,0.8,2.0,0.5,1,0.0,0.01,0.01,1.24,2,False,535,2
0,0,0,0,0,0,0,0,0,0,0,0,0,0.0,0.0,0.0,0.0,0,0.0,0.0,0.0,0.0,0,False,536,2
0,0,0,0,0,0,0,0,0,0,0,0,0,0.0,0.0,0.0,0.0,0,0.0,0.0,0.0,0.0,0,False,537,2
0,0,0,0,0,0,0,0,0,0,0,0,0,0.0,0.0,0.0,0.0,0,0.0,0.0,0.0,0.0,0,False,538,2
0,0,0,0,0,0,0,0,0,0,0,0,0,0.0,0.0,0.0,0.0,0,0.0,0.0,0.0,0.0,0,False,539,2
0,0,0,0,0,0,0,0,0,0,0,0,0,0.0,0.0,0.0,0.0,0,0.0,0.0,0.0,0.0,0,False,540,2
67,1,0,0,5,0,0,0,0,0,0,0,34,39.6,26.8,44.0,11.0,1,0.93,0.2,1.13,1.24,6,False,541,2
23,0,0,0,1,0,0,0,0,0,0,0,0,3.0,0.1,0.0,0.3,0,0.0,0.0,0.0,0.32,1,False,542,2
90,0,0,0,6,0,0,0,0,0,0,0,-8,18.8,11.8,6.0,3.7,1,0.0,0.06,0.06,1.56,-1,False,543,2
1,0,0,0,0,0,0,0,0,0,0,0,3,1.6,11.2,0.0,1.3,0,0.0,0.0,0.0,0.0,1,False,544,2
0,0,0,0,0,0,0,0,0,0,0,0,0,0.0,0.0,0.0,0.0,0,0.0,0.0,0.0,0.0,0,False,545,2
0,0,0,0,0,0,0,0,0,0,0,0,0,0.0,0.0,0.0,0.0,0,0.0,0.0,0.0,0.0,0,False,546,2
0,0,0,0,0,0,0,0,0,0,0,0,0,0.0,0.0,0.0,0.0,0,0.0,0.0,0.0,0.0,0,False,547,2
0,0,0,0,0,0,0,0,0,0,0,0,0,0.0,0.0,0.0,0.0,0,0.0,0.0,0.0,0.0,0,False,548,2
0,0,0,0,0,0,0,0,0,0,0,0,0,0.0,0.0,0.0,0.0,0,0.0,0.0,0.0,0.0,0,False,549,2
58,0,0,0,4,0,0,0,0,0,0,0,3,3.4,1.0,2.0,0.6,1,0.0,0.01,0.01,0.93,1,False,550,2
0,0,0,0,0,0,0,0,0,0,0,0,0,0.0,0.0,0.0,0.0,0,0.0,0.0,0.0,0.0,0,False,551,2
0,0,0,0,0,0,0,0,0,0,0,0,0,0.0,0.0,0.0,0.0,0,0.0,0.0,0.0,0.0,0,False,552,2
90,0,0,0,6,0,0,0,0,0,0,0,7,13.2,6.2,1.0,2.0,1,0.02,0.02,0.04,1.56,2,False,553,2
90,0,0,0,6,0,0,0,0,0,2,0,-11,21.8,10.0,0.0,3.2,1,0.0,0.01,0.01,1.56,-1,False,554,2
0,0,0,0,0,0,0,0,0,0,0,0,0,0.0,0.0,0.0,0.0,0,0.0,0.0,0.0,0.0,0,False,555,2
0,0,0,0,0,0,0,0,0,0,0,0,0,0.0,0.0,0.0,0.0,0,0.0,0.0,0.0,0.0,0,False,556,2
89,0,0,0,6,0,0,0,0,0,0,0,6,5.6,1.8,4.0,1.1,1,0.05,0.05,0.1,1.56,2,False,557,2
90,0,0,0,6,0,0,0,1,0,0,0,-14,16.2,0.3,4.0,2.1,1,0.25,0.0,0.25,1.56,-2,False,558,2
0,0,0,0,0,0,0,0,0,0,0,0,0,0.0,0.0,0.0,0.0,0,0.0,0.0,0.0,0.0,0,False,559,2
45,0,1,0,0,0,0,0,0,0,0,0,12,21.6,13.3,6.0,4.1,0,0.0,0.05,0.05,0.17,4,False,560,2
0,0,0,0,0,0,0,0,0,0,0,0,0,0.0,0.0,0.0,0.0,0,0.0,0.0,0.0,0.0,0,False,561,2
31,0,0,0,2,0,0,0,0,0,0,0,7,3.0,0.9,0.0,0.4,0,0.0,0.01,0.01,0.64,1,False,562,2
22,0,0,0,1,0,0,0,0,0,0,0,3,0.0,0.1,4.0,0.4,0,0.01,0.0,0.01,0.32,1,False,563,2
0,0,0,0,0,0,0,0,0,0,0,0,0,0.0,0.0,0.0,0.0,0,0.0,0.0,0.0,0.0,0,False,564,2
22,0,0,0,1,0,0,0,0,0,0,0,7,8.4,1.9,19.0,2.9,0,0.02,0.01,0.03,0.32,1,False,565,2
90,1,0,0,6,0,0,0,0,0,0,0,35,44.2,11.8,25.0,8.1,1,0.58,0.16,0.74,1.56,6,False,566,2
90,0,1,0,6,0,0,0,0,0,0,0,3,26.6,10.4,2.0,3.9,1,0.0,0.22,0.22,1.56,2,False,567,2
90,0,0,0,4,0,0,0,0,0,1,0,-12,3.8,0.0,0.0,0.4,1,0.0,0.0,0.0,3.34,0,False,568,2
0,0,0,0,0,0,0,0,0,0,0,0,0,0.0,0.0,0.0,0.0,0,0.0,0.0,0.0,0.0,0,False,569,2
90,0,0,0,2,0,0,0,0,0,0,0,11,13.4,4.8,20.0,3.8,1,0.06,0.0,0.06,1.78,2,False,570,2
70,0,2,0,1,0,0,0,0,0,0,1,36,29.2,33.8,14.0,7.7,1,0.0,0.2,0.2,0.29,9,False,571,2
0,0,0,0,0,0,0,0,0,0,0,0,0,0.0,0.0,0.0,0.0,0,0.0,0.0,0.0,0.0,0,False,572,2
0,0,0,0,0,0,0,0,0,0,0,0,0,0.0,0.0,0.0,0.0,0,0.0,0.0,0.0,0.0,0,False,573,2
90,0,0,1,0,0,0,0,0,0,0,0,16,11.2,10.8,19.0,4.1,1,0.98,0.01,0.99,0.14,6,False,574,2
0,0,0,0,0,0,0,0,0,0,0,0,0,0.0,0.0,0.0,0.0,0,0.0,0.0,0.0,0.0,0,False,575,2
0,0,0,0,0,0,0,0,0,0,0,0,0,0.0,0.0,0.0,0.0,0,0.0,0.0,0.0,0.0,0,False,576,2
33,0,0,0,2,0,0,0,0,0,0,0,4,9.0,4.4,17.0,3.0,0,0.04,0.01,0.05,0.77,1,False,577,2
11,0,0,0,0,0,0,0,0,0,0,0,2,0.4,0.0,0.0,0.0,0,0.0,0.0,0.0,0.16,1,False,578,2
0,0,0,0,0,0,0,0,0,0,0,0,0,0.0,0.0,0.0,0.0,0,0.0,0.0,0.0,0.0,0,False,579,2
0,0,0,0,0,0,0,0,0,0,0,0,0,0.0,0.0,0.0,0.0,0,0.0,0.0,0.0,0.0,0,False,580,2
0,0,0,0,0,0,0,0,0,0,0,0,0,0.0,0.0,0.0,0.0,0,0.0,0.0,0.0,0.0,0,False,581,2
0,0,0,0,0,0,0,0,0,0,0,0,0,0.0,0.0,0.0,0.0,0,0.0,0.0,0.0,0.0,0,False,582,2
0,0,0,0,0,0,0,0,0,0,0,0,0,0.0,0.0,0.0,0.0,0,0.0,0.0,0.0,0.0,0,False,583,2
90,0,0,0,1,0,0,0,0,0,0,0,12,7.0,30.4,4.0,4.1,1,0.0,0.06,0.06,2.45,2,False,584,2
19,0,0,0,1,0,0,0,0,0,0,0,6,1.4,15.0,6.0,2.2,0,0.1,0.17,0.27,0.36,1,False,585,2
0,0,0,0,0,0,0,0,0,0,0,0,0,0.0,0.0,0.0,0.0,0,0.0,0.0,0.0,0.0,0,False,586,2
0,0,0,0,0,0,0,0,0,0,0,0,0,0.0,0.0,0.0,0.0,0,0.0,0.0,0.0,0.0,0,False,587,2
90,0,0,1,0,0,0,0,0,0,0,0,11,9.6,0.5,4.0,1.4,1,0.02,0.0,0.02,1.35,3,False,588,2
27,0,0,0,0,0,0,0,0,0,0,0,-1,1.2,0.3,23.0,2.5,0,0.25,0.0,0.25,0.56,1,False,589,2
0,0,0,0,0,0,0,0,0,0,0,0,0,0.0,0.0,0.0,0.0,0,0.0,0.0,0.0,0.0,0,False,590,2
2,0,0,0,0,0,0,0,0,0,0,0,3,2.0,0.0,0.0,0.2,0,0.0,0.0,0.0,0.03,1,False,591,2
85,0,0,0,1,0,0,0,0,0,0,0,4,7.4,0.9,0.0,0.8,1,0.0,0.0,0.0,1.56,2,False,592,2
11,0,0,0,1,0,0,0,0,0,0,0,1,9.6,0.2,0.0,1.0,0,0.0,0.0,0.0,0.6,1,False,593,2
90,0,1,0,2,0,0,0,0,0,0,0,12,24.2,21.8,6.0,5.2,1,0.0,0.02,0.02,2.09,4,False,594,2
0,0,0,0,0,0,0,0,0,0,0,0,0,0.0,0.0,0.0,0.0,0,0.0,0.0,0.0,0.0,0,False,595,2
0,0,0,0,0,0,0,0,0,0,0,0,0,0.0,0.0,0.0,0.0,0,0.0,0.0,0.0,0.0,0,False,596,2
0,0,0,0,0,0,0,0,0,0,0,0,0,0.0,0.0,0.0,0.0,0,0.0,0.0,0.0,0.0,0,False,597,2
0,0,0,0,0,0,0,0,0,0,0,0,0,0.0,0.0,0.0,0.0,0,0.0,0.0,0.0,0.0,0,False,598,2
0,0,0,0,0,0,0,0,0,0,0,0,0,0.0,0.0,0.0,0.0,0,0.0,0.0,0.0,0.0,0,False,599,2
1,0,0,0,0,0,0,0,0,0,0,0,3,5.4,0.3,5.0,1.1,0,0.02,0.03,0.05,0.1,1,False,600,2
0,0,0,0,0,0,0,0,0,0,0,0,0,0.0,0.0,0.0,0.0,0,0.0,0.0,0.0,0.0,0,False,601,2
1,0,0,0,0,0,0,0,0,0,0,0,4,0.0,0.1,2.0,0.2,0,0.0,0.0,0.0,0.0,1,False,602,2
0,0,0,0,0,0,0,0,0,0,0,0,0,0.0,0.0,0.0,0.0,0,0.0,0.0,0.0,0.0,0,False,603,2
0,0,0,0,0,0,0,0,0,0,0,0,0,0.0,0.0,0.0,0.0,0,0.0,0.0,0.0,0.0,0,False,604,2
0,0,0,0,0,0,0,0,0,0,0,0,0,0.0,0.0,0.0,0.0,0,0.0,0.0,0.0,0.0,0,False,605,2
0,0,0,0,0,0,0,0,0,0,0,0,0,0.0,0.0,0.0,0.0,0,0.0,0.0,0.0,0.0,0,False,606,2
1,0,0,0,0,0,0,0,0,0,0,0,3,2.2,0.0,0.0,0.2,0,0.0,0.0,0.0,0.0,1,False,607,2
6,0,0,0,0,0,0,0,0,0,0,0,6,4.0,0.6,2.0,0.7,0,0.0,0.0,0.0,0.0,1,False,608,2
0,0,0,0,0,0,0,0,0,0,0,0,0,0.0,0.0,0.0,0.0,0,0.0,0.0,0.0,0.0,0,False,609,2
0,0,0,0,0,0,0,0,0,0,0,0,0,0.0,0.0,0.0,0.0,0,0.0,0.0,0.0,0.0,0,False,610,2
71,1,0,0,3,0,0,0,1,0,0,0,21,34.6,0.3,7.0,4.2,1,0.29,0.0,0.29,3.2,6,False,611,2
65,0,0,1,0,0,0,0,0,0,0,0,4,6.2,15.2,16.0,3.7,1,0.05,0.03,0.08,1.0,3,False,612,2
0,0,0,0,0,0,0,0,0,0,0,0,0,0.0,0.0,0.0,0.0,0,0.0,0.0,0.0,0.0,0,False,613,2
0,0,0,0,0,0,0,0,0,0,0,0,0,0.0,0.0,0.0,0.0,0,0.0,0.0,0.0,0.0,0,False,614,2
0,0,0,0,0,0,0,0,0,0,0,0,0,0.0,0.0,0.0,0.0,0,0.0,0.0,0.0,0.0,0,False,615,2
0,0,0,0,0,0,0,0,0,0,0,0,0,0.0,0.0,0.0,0.0,0,0.0,0.0,0.0,0.0,0,False,616,2
71,0,0,1,0,0,0,0,0,0,0,0,7,11.2,2.8,35.0,4.9,1,0.75,0.0,0.75,0.59,2,False,617,2
1,0,0,0,0,0,0,0,0,0,0,0,4,1.6,0.8,0.0,0.2,0,0.0,0.01,0.01,0.1,1,False,618,2
0,0,0,0,0,0,0,0,0,0,0,0,0,0.0,0.0,0.0,0.0,0,0.0,0.0,0.0,0.0,0,False,619,2
0,0,0,0,0,0,0,0,0,0,0,0,0,0.0,0.0,0.0,0.0,0,0.0,0.0,0.0,0.0,0,False,620,2
22,1,0,0,0,0,0,0,0,0,0,0,25,34.6,0.8,22.0,5.7,0,0.19,0.01,0.2,0.12,6,False,621,2
0,0,0,0,0,0,0,0,0,0,0,0,0,0.0,0.0,0.0,0.0,0,0.0,0.0,0.0,0.0,0,False,622,2
14,0,0,0,0,0,0,0,0,0,0,0,4,1.4,3.8,4.0,0.9,0,0.0,0.01,0.01,0.19,1,False,623,2
0,0,0,0,0,0,0,0,0,0,0,0,0,0.0,0.0,0.0,0.0,0,0.0,0.0,0.0,0.0,0,False,624,2
19,0,0,0,0,0,0,0,0,0,0,0,2,0.0,4.1,4.0,0.8,0,0.0,0.05,0.05,0.0,1,False,625,2
27,0,0,0,1,0,0,0,0,0,0,0,7,3.2,16.7,1.0,2.1,0,0.09,0.04,0.13,0.22,1,False,192,2
90,0,0,0,4,0,0,0,0,0,0,0,0,15.4,0.3,0.0,1.6,1,0.0,0.0,0.0,2.43,0,False,626,2
0,0,0,0,0,0,0,0,0,0,0,0,0,0.0,0.0,0.0,0.0,0,0.0,0.0,0.0,0.0,0,False,627,2
